,date_id,year,month,day,day_of_week,day_name,month_name,quarter
0,2021-01-01,2021,1,1,5,Friday,January,1
1,2021-01-02,2021,1,2,6,Saturday,January,1
2,2021-01-03,2021,1,3,7,Sunday,January,1
3,2021-01-04,2021,1,4,1,Monday,January,1
4,2021-01-05,2021,1,5,2,Tuesday,January,1
5,2021-01-06,2021,1,6,3,Wednesday,January,1
6,2021-01-07,2021,1,7,4,Thursday,January,1
7,2021-01-08,2021,1,8,5,Friday,January,1
8,2021-01-09,2021,1,9,6,Saturday,January,1
9,2021-01-10,2021,1,10,7,Sunday,January,1
10,2021-01-11,2021,1,11,1,Monday,January,1
11,2021-01-12,2021,1,12,2,Tuesday,January,1
12,2021-01-13,2021,1,13,3,Wednesday,January,1
13,2021-01-14,2021,1,14,4,Thursday,January,1
14,2021-01-15,2021,1,15,5,Friday,January,1
15,2021-01-16,2021,1,16,6,Saturday,January,1
16,2021-01-17,2021,1,17,7,Sunday,January,1
17,2021-01-18,2021,1,18,1,Monday,January,1
18,2021-01-19,2021,1,19,2,Tuesday,January,1
19,2021-01-20,2021,1,20,3,Wednesday,January,1
20,2021-01-21,2021,1,21,4,Thursday,January,1
21,2021-01-22,2021,1,22,5,Friday,January,1
22,2021-01-23,2021,1,23,6,Saturday,January,1
23,2021-01-24,2021,1,24,7,Sunday,January,1
24,2021-01-25,2021,1,25,1,Monday,January,1
25,2021-01-26,2021,1,26,2,Tuesday,January,1
26,2021-01-27,2021,1,27,3,Wednesday,January,1
27,2021-01-28,2021,1,28,4,Thursday,January,1
28,2021-01-29,2021,1,29,5,Friday,January,1
29,2021-01-30,2021,1,30,6,Saturday,January,1
30,2021-01-31,2021,1,31,7,Sunday,January,1
31,2021-02-01,2021,2,1,1,Monday,February,1
32,2021-02-02,2021,2,2,2,Tuesday,February,1
33,2021-02-03,2021,2,3,3,Wednesday,February,1
34,2021-02-04,2021,2,4,4,Thursday,February,1
35,2021-02-05,2021,2,5,5,Friday,February,1
36,2021-02-06,2021,2,6,6,Saturday,February,1
37,2021-02-07,2021,2,7,7,Sunday,February,1
38,2021-02-08,2021,2,8,1,Monday,February,1
39,2021-02-09,2021,2,9,2,Tuesday,February,1
40,2021-02-10,2021,2,10,3,Wednesday,February,1
41,2021-02-11,2021,2,11,4,Thursday,February,1
42,2021-02-12,2021,2,12,5,Friday,February,1
43,2021-02-13,2021,2,13,6,Saturday,February,1
44,2021-02-14,2021,2,14,7,Sunday,February,1
45,2021-02-15,2021,2,15,1,Monday,February,1
46,2021-02-16,2021,2,16,2,Tuesday,February,1
47,2021-02-17,2021,2,17,3,Wednesday,February,1
48,2021-02-18,2021,2,18,4,Thursday,February,1
49,2021-02-19,2021,2,19,5,Friday,February,1
50,2021-02-20,2021,2,20,6,Saturday,February,1
51,2021-02-21,2021,2,21,7,Sunday,February,1
52,2021-02-22,2021,2,22,1,Monday,February,1
53,2021-02-23,2021,2,23,2,Tuesday,February,1
54,2021-02-24,2021,2,24,3,Wednesday,February,1
55,2021-02-25,2021,2,25,4,Thursday,February,1
56,2021-02-26,2021,2,26,5,Friday,February,1
57,2021-02-27,2021,2,27,6,Saturday,February,1
58,2021-02-28,2021,2,28,7,Sunday,February,1
59,2021-03-01,2021,3,1,1,Monday,March,1
60,2021-03-02,2021,3,2,2,Tuesday,March,1
61,2021-03-03,2021,3,3,3,Wednesday,March,1
62,2021-03-04,2021,3,4,4,Thursday,March,1
63,2021-03-05,2021,3,5,5,Friday,March,1
64,2021-03-06,2021,3,6,6,Saturday,March,1
65,2021-03-07,2021,3,7,7,Sunday,March,1
66,2021-03-08,2021,3,8,1,Monday,March,1
67,2021-03-09,2021,3,9,2,Tuesday,March,1
68,2021-03-10,2021,3,10,3,Wednesday,March,1
69,2021-03-11,2021,3,11,4,Thursday,March,1
70,2021-03-12,2021,3,12,5,Friday,March,1
71,2021-03-13,2021,3,13,6,Saturday,March,1
72,2021-03-14,2021,3,14,7,Sunday,March,1
73,2021-03-15,2021,3,15,1,Monday,March,1
74,2021-03-16,2021,3,16,2,Tuesday,March,1
75,2021-03-17,2021,3,17,3,Wednesday,March,1
76,2021-03-18,2021,3,18,4,Thursday,March,1
77,2021-03-19,2021,3,19,5,Friday,March,1
78,2021-03-20,2021,3,20,6,Saturday,March,1
79,2021-03-21,2021,3,21,7,Sunday,March,1
80,2021-03-22,2021,3,22,1,Monday,March,1
81,2021-03-23,2021,3,23,2,Tuesday,March,1
82,2021-03-24,2021,3,24,3,Wednesday,March,1
83,2021-03-25,2021,3,25,4,Thursday,March,1
84,2021-03-26,2021,3,26,5,Friday,March,1
85,2021-03-27,2021,3,27,6,Saturday,March,1
86,2021-03-28,2021,3,28,7,Sunday,March,1
87,2021-03-29,2021,3,29,1,Monday,March,1
88,2021-03-30,2021,3,30,2,Tuesday,March,1
89,2021-03-31,2021,3,31,3,Wednesday,March,1
90,2021-04-01,2021,4,1,4,Thursday,April,2
91,2021-04-02,2021,4,2,5,Friday,April,2
92,2021-04-03,2021,4,3,6,Saturday,April,2
93,2021-04-04,2021,4,4,7,Sunday,April,2
94,2021-04-05,2021,4,5,1,Monday,April,2
95,2021-04-06,2021,4,6,2,Tuesday,April,2
96,2021-04-07,2021,4,7,3,Wednesday,April,2
97,2021-04-08,2021,4,8,4,Thursday,April,2
98,2021-04-09,2021,4,9,5,Friday,April,2
99,2021-04-10,2021,4,10,6,Saturday,April,2
100,2021-04-11,2021,4,11,7,Sunday,April,2
101,2021-04-12,2021,4,12,1,Monday,April,2
102,2021-04-13,2021,4,13,2,Tuesday,April,2
103,2021-04-14,2021,4,14,3,Wednesday,April,2
104,2021-04-15,2021,4,15,4,Thursday,April,2
105,2021-04-16,2021,4,16,5,Friday,April,2
106,2021-04-17,2021,4,17,6,Saturday,April,2
107,2021-04-18,2021,4,18,7,Sunday,April,2
108,2021-04-19,2021,4,19,1,Monday,April,2
109,2021-04-20,2021,4,20,2,Tuesday,April,2
110,2021-04-21,2021,4,21,3,Wednesday,April,2
111,2021-04-22,2021,4,22,4,Thursday,April,2
112,2021-04-23,2021,4,23,5,Friday,April,2
113,2021-04-24,2021,4,24,6,Saturday,April,2
114,2021-04-25,2021,4,25,7,Sunday,April,2
115,2021-04-26,2021,4,26,1,Monday,April,2
116,2021-04-27,2021,4,27,2,Tuesday,April,2
117,2021-04-28,2021,4,28,3,Wednesday,April,2
118,2021-04-29,2021,4,29,4,Thursday,April,2
119,2021-04-30,2021,4,30,5,Friday,April,2
120,2021-05-01,2021,5,1,6,Saturday,May,2
121,2021-05-02,2021,5,2,7,Sunday,May,2
122,2021-05-03,2021,5,3,1,Monday,May,2
123,2021-05-04,2021,5,4,2,Tuesday,May,2
124,2021-05-05,2021,5,5,3,Wednesday,May,2
125,2021-05-06,2021,5,6,4,Thursday,May,2
126,2021-05-07,2021,5,7,5,Friday,May,2
127,2021-05-08,2021,5,8,6,Saturday,May,2
128,2021-05-09,2021,5,9,7,Sunday,May,2
129,2021-05-10,2021,5,10,1,Monday,May,2
130,2021-05-11,2021,5,11,2,Tuesday,May,2
131,2021-05-12,2021,5,12,3,Wednesday,May,2
132,2021-05-13,2021,5,13,4,Thursday,May,2
133,2021-05-14,2021,5,14,5,Friday,May,2
134,2021-05-15,2021,5,15,6,Saturday,May,2
135,2021-05-16,2021,5,16,7,Sunday,May,2
136,2021-05-17,2021,5,17,1,Monday,May,2
137,2021-05-18,2021,5,18,2,Tuesday,May,2
138,2021-05-19,2021,5,19,3,Wednesday,May,2
139,2021-05-20,2021,5,20,4,Thursday,May,2
140,2021-05-21,2021,5,21,5,Friday,May,2
141,2021-05-22,2021,5,22,6,Saturday,May,2
142,2021-05-23,2021,5,23,7,Sunday,May,2
143,2021-05-24,2021,5,24,1,Monday,May,2
144,2021-05-25,2021,5,25,2,Tuesday,May,2
145,2021-05-26,2021,5,26,3,Wednesday,May,2
146,2021-05-27,2021,5,27,4,Thursday,May,2
147,2021-05-28,2021,5,28,5,Friday,May,2
148,2021-05-29,2021,5,29,6,Saturday,May,2
149,2021-05-30,2021,5,30,7,Sunday,May,2
150,2021-05-31,2021,5,31,1,Monday,May,2
151,2021-06-01,2021,6,1,2,Tuesday,June,2
152,2021-06-02,2021,6,2,3,Wednesday,June,2
153,2021-06-03,2021,6,3,4,Thursday,June,2
154,2021-06-04,2021,6,4,5,Friday,June,2
155,2021-06-05,2021,6,5,6,Saturday,June,2
156,2021-06-06,2021,6,6,7,Sunday,June,2
157,2021-06-07,2021,6,7,1,Monday,June,2
158,2021-06-08,2021,6,8,2,Tuesday,June,2
159,2021-06-09,2021,6,9,3,Wednesday,June,2
160,2021-06-10,2021,6,10,4,Thursday,June,2
161,2021-06-11,2021,6,11,5,Friday,June,2
162,2021-06-12,2021,6,12,6,Saturday,June,2
163,2021-06-13,2021,6,13,7,Sunday,June,2
164,2021-06-14,2021,6,14,1,Monday,June,2
165,2021-06-15,2021,6,15,2,Tuesday,June,2
166,2021-06-16,2021,6,16,3,Wednesday,June,2
167,2021-06-17,2021,6,17,4,Thursday,June,2
168,2021-06-18,2021,6,18,5,Friday,June,2
169,2021-06-19,2021,6,19,6,Saturday,June,2
170,2021-06-20,2021,6,20,7,Sunday,June,2
171,2021-06-21,2021,6,21,1,Monday,June,2
172,2021-06-22,2021,6,22,2,Tuesday,June,2
173,2021-06-23,2021,6,23,3,Wednesday,June,2
174,2021-06-24,2021,6,24,4,Thursday,June,2
175,2021-06-25,2021,6,25,5,Friday,June,2
176,2021-06-26,2021,6,26,6,Saturday,June,2
177,2021-06-27,2021,6,27,7,Sunday,June,2
178,2021-06-28,2021,6,28,1,Monday,June,2
179,2021-06-29,2021,6,29,2,Tuesday,June,2
180,2021-06-30,2021,6,30,3,Wednesday,June,2
181,2021-07-01,2021,7,1,4,Thursday,July,3
182,2021-07-02,2021,7,2,5,Friday,July,3
183,2021-07-03,2021,7,3,6,Saturday,July,3
184,2021-07-04,2021,7,4,7,Sunday,July,3
185,2021-07-05,2021,7,5,1,Monday,July,3
186,2021-07-06,2021,7,6,2,Tuesday,July,3
187,2021-07-07,2021,7,7,3,Wednesday,July,3
188,2021-07-08,2021,7,8,4,Thursday,July,3
189,2021-07-09,2021,7,9,5,Friday,July,3
190,2021-07-10,2021,7,10,6,Saturday,July,3
191,2021-07-11,2021,7,11,7,Sunday,July,3
192,2021-07-12,2021,7,12,1,Monday,July,3
193,2021-07-13,2021,7,13,2,Tuesday,July,3
194,2021-07-14,2021,7,14,3,Wednesday,July,3
195,2021-07-15,2021,7,15,4,Thursday,July,3
196,2021-07-16,2021,7,16,5,Friday,July,3
197,2021-07-17,2021,7,17,6,Saturday,July,3
198,2021-07-18,2021,7,18,7,Sunday,July,3
199,2021-07-19,2021,7,19,1,Monday,July,3
200,2021-07-20,2021,7,20,2,Tuesday,July,3
201,2021-07-21,2021,7,21,3,Wednesday,July,3
202,2021-07-22,2021,7,22,4,Thursday,July,3
203,2021-07-23,2021,7,23,5,Friday,July,3
204,2021-07-24,2021,7,24,6,Saturday,July,3
205,2021-07-25,2021,7,25,7,Sunday,July,3
206,2021-07-26,2021,7,26,1,Monday,July,3
207,2021-07-27,2021,7,27,2,Tuesday,July,3
208,2021-07-28,2021,7,28,3,Wednesday,July,3
209,2021-07-29,2021,7,29,4,Thursday,July,3
210,2021-07-30,2021,7,30,5,Friday,July,3
211,2021-07-31,2021,7,31,6,Saturday,July,3
212,2021-08-01,2021,8,1,7,Sunday,August,3
213,2021-08-02,2021,8,2,1,Monday,August,3
214,2021-08-03,2021,8,3,2,Tuesday,August,3
215,2021-08-04,2021,8,4,3,Wednesday,August,3
216,2021-08-05,2021,8,5,4,Thursday,August,3
217,2021-08-06,2021,8,6,5,Friday,August,3
218,2021-08-07,2021,8,7,6,Saturday,August,3
219,2021-08-08,2021,8,8,7,Sunday,August,3
220,2021-08-09,2021,8,9,1,Monday,August,3
221,2021-08-10,2021,8,10,2,Tuesday,August,3
222,2021-08-11,2021,8,11,3,Wednesday,August,3
223,2021-08-12,2021,8,12,4,Thursday,August,3
224,2021-08-13,2021,8,13,5,Friday,August,3
225,2021-08-14,2021,8,14,6,Saturday,August,3
226,2021-08-15,2021,8,15,7,Sunday,August,3
227,2021-08-16,2021,8,16,1,Monday,August,3
228,2021-08-17,2021,8,17,2,Tuesday,August,3
229,2021-08-18,2021,8,18,3,Wednesday,August,3
230,2021-08-19,2021,8,19,4,Thursday,August,3
231,2021-08-20,2021,8,20,5,Friday,August,3
232,2021-08-21,2021,8,21,6,Saturday,August,3
233,2021-08-22,2021,8,22,7,Sunday,August,3
234,2021-08-23,2021,8,23,1,Monday,August,3
235,2021-08-24,2021,8,24,2,Tuesday,August,3
236,2021-08-25,2021,8,25,3,Wednesday,August,3
237,2021-08-26,2021,8,26,4,Thursday,August,3
238,2021-08-27,2021,8,27,5,Friday,August,3
239,2021-08-28,2021,8,28,6,Saturday,August,3
240,2021-08-29,2021,8,29,7,Sunday,August,3
241,2021-08-30,2021,8,30,1,Monday,August,3
242,2021-08-31,2021,8,31,2,Tuesday,August,3
243,2021-09-01,2021,9,1,3,Wednesday,September,3
244,2021-09-02,2021,9,2,4,Thursday,September,3
245,2021-09-03,2021,9,3,5,Friday,September,3
246,2021-09-04,2021,9,4,6,Saturday,September,3
247,2021-09-05,2021,9,5,7,Sunday,September,3
248,2021-09-06,2021,9,6,1,Monday,September,3
249,2021-09-07,2021,9,7,2,Tuesday,September,3
250,2021-09-08,2021,9,8,3,Wednesday,September,3
251,2021-09-09,2021,9,9,4,Thursday,September,3
252,2021-09-10,2021,9,10,5,Friday,September,3
253,2021-09-11,2021,9,11,6,Saturday,September,3
254,2021-09-12,2021,9,12,7,Sunday,September,3
255,2021-09-13,2021,9,13,1,Monday,September,3
256,2021-09-14,2021,9,14,2,Tuesday,September,3
257,2021-09-15,2021,9,15,3,Wednesday,September,3
258,2021-09-16,2021,9,16,4,Thursday,September,3
259,2021-09-17,2021,9,17,5,Friday,September,3
260,2021-09-18,2021,9,18,6,Saturday,September,3
261,2021-09-19,2021,9,19,7,Sunday,September,3
262,2021-09-20,2021,9,20,1,Monday,September,3
263,2021-09-21,2021,9,21,2,Tuesday,September,3
264,2021-09-22,2021,9,22,3,Wednesday,September,3
265,2021-09-23,2021,9,23,4,Thursday,September,3
266,2021-09-24,2021,9,24,5,Friday,September,3
267,2021-09-25,2021,9,25,6,Saturday,September,3
268,2021-09-26,2021,9,26,7,Sunday,September,3
269,2021-09-27,2021,9,27,1,Monday,September,3
270,2021-09-28,2021,9,28,2,Tuesday,September,3
271,2021-09-29,2021,9,29,3,Wednesday,September,3
272,2021-09-30,2021,9,30,4,Thursday,September,3
273,2021-10-01,2021,10,1,5,Friday,October,4
274,2021-10-02,2021,10,2,6,Saturday,October,4
275,2021-10-03,2021,10,3,7,Sunday,October,4
276,2021-10-04,2021,10,4,1,Monday,October,4
277,2021-10-05,2021,10,5,2,Tuesday,October,4
278,2021-10-06,2021,10,6,3,Wednesday,October,4
279,2021-10-07,2021,10,7,4,Thursday,October,4
280,2021-10-08,2021,10,8,5,Friday,October,4
281,2021-10-09,2021,10,9,6,Saturday,October,4
282,2021-10-10,2021,10,10,7,Sunday,October,4
283,2021-10-11,2021,10,11,1,Monday,October,4
284,2021-10-12,2021,10,12,2,Tuesday,October,4
285,2021-10-13,2021,10,13,3,Wednesday,October,4
286,2021-10-14,2021,10,14,4,Thursday,October,4
287,2021-10-15,2021,10,15,5,Friday,October,4
288,2021-10-16,2021,10,16,6,Saturday,October,4
289,2021-10-17,2021,10,17,7,Sunday,October,4
290,2021-10-18,2021,10,18,1,Monday,October,4
291,2021-10-19,2021,10,19,2,Tuesday,October,4
292,2021-10-20,2021,10,20,3,Wednesday,October,4
293,2021-10-21,2021,10,21,4,Thursday,October,4
294,2021-10-22,2021,10,22,5,Friday,October,4
295,2021-10-23,2021,10,23,6,Saturday,October,4
296,2021-10-24,2021,10,24,7,Sunday,October,4
297,2021-10-25,2021,10,25,1,Monday,October,4
298,2021-10-26,2021,10,26,2,Tuesday,October,4
299,2021-10-27,2021,10,27,3,Wednesday,October,4
300,2021-10-28,2021,10,28,4,Thursday,October,4
301,2021-10-29,2021,10,29,5,Friday,October,4
302,2021-10-30,2021,10,30,6,Saturday,October,4
303,2021-10-31,2021,10,31,7,Sunday,October,4
304,2021-11-01,2021,11,1,1,Monday,November,4
305,2021-11-02,2021,11,2,2,Tuesday,November,4
306,2021-11-03,2021,11,3,3,Wednesday,November,4
307,2021-11-04,2021,11,4,4,Thursday,November,4
308,2021-11-05,2021,11,5,5,Friday,November,4
309,2021-11-06,2021,11,6,6,Saturday,November,4
310,2021-11-07,2021,11,7,7,Sunday,November,4
311,2021-11-08,2021,11,8,1,Monday,November,4
312,2021-11-09,2021,11,9,2,Tuesday,November,4
313,2021-11-10,2021,11,10,3,Wednesday,November,4
314,2021-11-11,2021,11,11,4,Thursday,November,4
315,2021-11-12,2021,11,12,5,Friday,November,4
316,2021-11-13,2021,11,13,6,Saturday,November,4
317,2021-11-14,2021,11,14,7,Sunday,November,4
318,2021-11-15,2021,11,15,1,Monday,November,4
319,2021-11-16,2021,11,16,2,Tuesday,November,4
320,2021-11-17,2021,11,17,3,Wednesday,November,4
321,2021-11-18,2021,11,18,4,Thursday,November,4
322,2021-11-19,2021,11,19,5,Friday,November,4
323,2021-11-20,2021,11,20,6,Saturday,November,4
324,2021-11-21,2021,11,21,7,Sunday,November,4
325,2021-11-22,2021,11,22,1,Monday,November,4
326,2021-11-23,2021,11,23,2,Tuesday,November,4
327,2021-11-24,2021,11,24,3,Wednesday,November,4
328,2021-11-25,2021,11,25,4,Thursday,November,4
329,2021-11-26,2021,11,26,5,Friday,November,4
330,2021-11-27,2021,11,27,6,Saturday,November,4
331,2021-11-28,2021,11,28,7,Sunday,November,4
332,2021-11-29,2021,11,29,1,Monday,November,4
333,2021-11-30,2021,11,30,2,Tuesday,November,4
334,2021-12-01,2021,12,1,3,Wednesday,December,4
335,2021-12-02,2021,12,2,4,Thursday,December,4
336,2021-12-03,2021,12,3,5,Friday,December,4
337,2021-12-04,2021,12,4,6,Saturday,December,4
338,2021-12-05,2021,12,5,7,Sunday,December,4
339,2021-12-06,2021,12,6,1,Monday,December,4
340,2021-12-07,2021,12,7,2,Tuesday,December,4
341,2021-12-08,2021,12,8,3,Wednesday,December,4
342,2021-12-09,2021,12,9,4,Thursday,December,4
343,2021-12-10,2021,12,10,5,Friday,December,4
344,2021-12-11,2021,12,11,6,Saturday,December,4
345,2021-12-12,2021,12,12,7,Sunday,December,4
346,2021-12-13,2021,12,13,1,Monday,December,4
347,2021-12-14,2021,12,14,2,Tuesday,December,4
348,2021-12-15,2021,12,15,3,Wednesday,December,4
349,2021-12-16,2021,12,16,4,Thursday,December,4
350,2021-12-17,2021,12,17,5,Friday,December,4
351,2021-12-18,2021,12,18,6,Saturday,December,4
352,2021-12-19,2021,12,19,7,Sunday,December,4
353,2021-12-20,2021,12,20,1,Monday,December,4
354,2021-12-21,2021,12,21,2,Tuesday,December,4
355,2021-12-22,2021,12,22,3,Wednesday,December,4
356,2021-12-23,2021,12,23,4,Thursday,December,4
357,2021-12-24,2021,12,24,5,Friday,December,4
358,2021-12-25,2021,12,25,6,Saturday,December,4
359,2021-12-26,2021,12,26,7,Sunday,December,4
360,2021-12-27,2021,12,27,1,Monday,December,4
361,2021-12-28,2021,12,28,2,Tuesday,December,4
362,2021-12-29,2021,12,29,3,Wednesday,December,4
363,2021-12-30,2021,12,30,4,Thursday,December,4
364,2021-12-31,2021,12,31,5,Friday,December,4
365,2022-01-01,2022,1,1,6,Saturday,January,1
366,2022-01-02,2022,1,2,7,Sunday,January,1
367,2022-01-03,2022,1,3,1,Monday,January,1
368,2022-01-04,2022,1,4,2,Tuesday,January,1
369,2022-01-05,2022,1,5,3,Wednesday,January,1
370,2022-01-06,2022,1,6,4,Thursday,January,1
371,2022-01-07,2022,1,7,5,Friday,January,1
372,2022-01-08,2022,1,8,6,Saturday,January,1
373,2022-01-09,2022,1,9,7,Sunday,January,1
374,2022-01-10,2022,1,10,1,Monday,January,1
375,2022-01-11,2022,1,11,2,Tuesday,January,1
376,2022-01-12,2022,1,12,3,Wednesday,January,1
377,2022-01-13,2022,1,13,4,Thursday,January,1
378,2022-01-14,2022,1,14,5,Friday,January,1
379,2022-01-15,2022,1,15,6,Saturday,January,1
380,2022-01-16,2022,1,16,7,Sunday,January,1
381,2022-01-17,2022,1,17,1,Monday,January,1
382,2022-01-18,2022,1,18,2,Tuesday,January,1
383,2022-01-19,2022,1,19,3,Wednesday,January,1
384,2022-01-20,2022,1,20,4,Thursday,January,1
385,2022-01-21,2022,1,21,5,Friday,January,1
386,2022-01-22,2022,1,22,6,Saturday,January,1
387,2022-01-23,2022,1,23,7,Sunday,January,1
388,2022-01-24,2022,1,24,1,Monday,January,1
389,2022-01-25,2022,1,25,2,Tuesday,January,1
390,2022-01-26,2022,1,26,3,Wednesday,January,1
391,2022-01-27,2022,1,27,4,Thursday,January,1
392,2022-01-28,2022,1,28,5,Friday,January,1
393,2022-01-29,2022,1,29,6,Saturday,January,1
394,2022-01-30,2022,1,30,7,Sunday,January,1
395,2022-01-31,2022,1,31,1,Monday,January,1
396,2022-02-01,2022,2,1,2,Tuesday,February,1
397,2022-02-02,2022,2,2,3,Wednesday,February,1
398,2022-02-03,2022,2,3,4,Thursday,February,1
399,2022-02-04,2022,2,4,5,Friday,February,1
400,2022-02-05,2022,2,5,6,Saturday,February,1
401,2022-02-06,2022,2,6,7,Sunday,February,1
402,2022-02-07,2022,2,7,1,Monday,February,1
403,2022-02-08,2022,2,8,2,Tuesday,February,1
404,2022-02-09,2022,2,9,3,Wednesday,February,1
405,2022-02-10,2022,2,10,4,Thursday,February,1
406,2022-02-11,2022,2,11,5,Friday,February,1
407,2022-02-12,2022,2,12,6,Saturday,February,1
408,2022-02-13,2022,2,13,7,Sunday,February,1
409,2022-02-14,2022,2,14,1,Monday,February,1
410,2022-02-15,2022,2,15,2,Tuesday,February,1
411,2022-02-16,2022,2,16,3,Wednesday,February,1
412,2022-02-17,2022,2,17,4,Thursday,February,1
413,2022-02-18,2022,2,18,5,Friday,February,1
414,2022-02-19,2022,2,19,6,Saturday,February,1
415,2022-02-20,2022,2,20,7,Sunday,February,1
416,2022-02-21,2022,2,21,1,Monday,February,1
417,2022-02-22,2022,2,22,2,Tuesday,February,1
418,2022-02-23,2022,2,23,3,Wednesday,February,1
419,2022-02-24,2022,2,24,4,Thursday,February,1
420,2022-02-25,2022,2,25,5,Friday,February,1
421,2022-02-26,2022,2,26,6,Saturday,February,1
422,2022-02-27,2022,2,27,7,Sunday,February,1
423,2022-02-28,2022,2,28,1,Monday,February,1
424,2022-03-01,2022,3,1,2,Tuesday,March,1
425,2022-03-02,2022,3,2,3,Wednesday,March,1
426,2022-03-03,2022,3,3,4,Thursday,March,1
427,2022-03-04,2022,3,4,5,Friday,March,1
428,2022-03-05,2022,3,5,6,Saturday,March,1
429,2022-03-06,2022,3,6,7,Sunday,March,1
430,2022-03-07,2022,3,7,1,Monday,March,1
431,2022-03-08,2022,3,8,2,Tuesday,March,1
432,2022-03-09,2022,3,9,3,Wednesday,March,1
433,2022-03-10,2022,3,10,4,Thursday,March,1
434,2022-03-11,2022,3,11,5,Friday,March,1
435,2022-03-12,2022,3,12,6,Saturday,March,1
436,2022-03-13,2022,3,13,7,Sunday,March,1
437,2022-03-14,2022,3,14,1,Monday,March,1
438,2022-03-15,2022,3,15,2,Tuesday,March,1
439,2022-03-16,2022,3,16,3,Wednesday,March,1
440,2022-03-17,2022,3,17,4,Thursday,March,1
441,2022-03-18,2022,3,18,5,Friday,March,1
442,2022-03-19,2022,3,19,6,Saturday,March,1
443,2022-03-20,2022,3,20,7,Sunday,March,1
444,2022-03-21,2022,3,21,1,Monday,March,1
445,2022-03-22,2022,3,22,2,Tuesday,March,1
446,2022-03-23,2022,3,23,3,Wednesday,March,1
447,2022-03-24,2022,3,24,4,Thursday,March,1
448,2022-03-25,2022,3,25,5,Friday,March,1
449,2022-03-26,2022,3,26,6,Saturday,March,1
450,2022-03-27,2022,3,27,7,Sunday,March,1
451,2022-03-28,2022,3,28,1,Monday,March,1
452,2022-03-29,2022,3,29,2,Tuesday,March,1
453,2022-03-30,2022,3,30,3,Wednesday,March,1
454,2022-03-31,2022,3,31,4,Thursday,March,1
455,2022-04-01,2022,4,1,5,Friday,April,2
456,2022-04-02,2022,4,2,6,Saturday,April,2
457,2022-04-03,2022,4,3,7,Sunday,April,2
458,2022-04-04,2022,4,4,1,Monday,April,2
459,2022-04-05,2022,4,5,2,Tuesday,April,2
460,2022-04-06,2022,4,6,3,Wednesday,April,2
461,2022-04-07,2022,4,7,4,Thursday,April,2
462,2022-04-08,2022,4,8,5,Friday,April,2
463,2022-04-09,2022,4,9,6,Saturday,April,2
464,2022-04-10,2022,4,10,7,Sunday,April,2
465,2022-04-11,2022,4,11,1,Monday,April,2
466,2022-04-12,2022,4,12,2,Tuesday,April,2
467,2022-04-13,2022,4,13,3,Wednesday,April,2
468,2022-04-14,2022,4,14,4,Thursday,April,2
469,2022-04-15,2022,4,15,5,Friday,April,2
470,2022-04-16,2022,4,16,6,Saturday,April,2
471,2022-04-17,2022,4,17,7,Sunday,April,2
472,2022-04-18,2022,4,18,1,Monday,April,2
473,2022-04-19,2022,4,19,2,Tuesday,April,2
474,2022-04-20,2022,4,20,3,Wednesday,April,2
475,2022-04-21,2022,4,21,4,Thursday,April,2
476,2022-04-22,2022,4,22,5,Friday,April,2
477,2022-04-23,2022,4,23,6,Saturday,April,2
478,2022-04-24,2022,4,24,7,Sunday,April,2
479,2022-04-25,2022,4,25,1,Monday,April,2
480,2022-04-26,2022,4,26,2,Tuesday,April,2
481,2022-04-27,2022,4,27,3,Wednesday,April,2
482,2022-04-28,2022,4,28,4,Thursday,April,2
483,2022-04-29,2022,4,29,5,Friday,April,2
484,2022-04-30,2022,4,30,6,Saturday,April,2
485,2022-05-01,2022,5,1,7,Sunday,May,2
486,2022-05-02,2022,5,2,1,Monday,May,2
487,2022-05-03,2022,5,3,2,Tuesday,May,2
488,2022-05-04,2022,5,4,3,Wednesday,May,2
489,2022-05-05,2022,5,5,4,Thursday,May,2
490,2022-05-06,2022,5,6,5,Friday,May,2
491,2022-05-07,2022,5,7,6,Saturday,May,2
492,2022-05-08,2022,5,8,7,Sunday,May,2
493,2022-05-09,2022,5,9,1,Monday,May,2
494,2022-05-10,2022,5,10,2,Tuesday,May,2
495,2022-05-11,2022,5,11,3,Wednesday,May,2
496,2022-05-12,2022,5,12,4,Thursday,May,2
497,2022-05-13,2022,5,13,5,Friday,May,2
498,2022-05-14,2022,5,14,6,Saturday,May,2
499,2022-05-15,2022,5,15,7,Sunday,May,2
500,2022-05-16,2022,5,16,1,Monday,May,2
501,2022-05-17,2022,5,17,2,Tuesday,May,2
502,2022-05-18,2022,5,18,3,Wednesday,May,2
503,2022-05-19,2022,5,19,4,Thursday,May,2
504,2022-05-20,2022,5,20,5,Friday,May,2
505,2022-05-21,2022,5,21,6,Saturday,May,2
506,2022-05-22,2022,5,22,7,Sunday,May,2
507,2022-05-23,2022,5,23,1,Monday,May,2
508,2022-05-24,2022,5,24,2,Tuesday,May,2
509,2022-05-25,2022,5,25,3,Wednesday,May,2
510,2022-05-26,2022,5,26,4,Thursday,May,2
511,2022-05-27,2022,5,27,5,Friday,May,2
512,2022-05-28,2022,5,28,6,Saturday,May,2
513,2022-05-29,2022,5,29,7,Sunday,May,2
514,2022-05-30,2022,5,30,1,Monday,May,2
515,2022-05-31,2022,5,31,2,Tuesday,May,2
516,2022-06-01,2022,6,1,3,Wednesday,June,2
517,2022-06-02,2022,6,2,4,Thursday,June,2
518,2022-06-03,2022,6,3,5,Friday,June,2
519,2022-06-04,2022,6,4,6,Saturday,June,2
520,2022-06-05,2022,6,5,7,Sunday,June,2
521,2022-06-06,2022,6,6,1,Monday,June,2
522,2022-06-07,2022,6,7,2,Tuesday,June,2
523,2022-06-08,2022,6,8,3,Wednesday,June,2
524,2022-06-09,2022,6,9,4,Thursday,June,2
525,2022-06-10,2022,6,10,5,Friday,June,2
526,2022-06-11,2022,6,11,6,Saturday,June,2
527,2022-06-12,2022,6,12,7,Sunday,June,2
528,2022-06-13,2022,6,13,1,Monday,June,2
529,2022-06-14,2022,6,14,2,Tuesday,June,2
530,2022-06-15,2022,6,15,3,Wednesday,June,2
531,2022-06-16,2022,6,16,4,Thursday,June,2
532,2022-06-17,2022,6,17,5,Friday,June,2
533,2022-06-18,2022,6,18,6,Saturday,June,2
534,2022-06-19,2022,6,19,7,Sunday,June,2
535,2022-06-20,2022,6,20,1,Monday,June,2
536,2022-06-21,2022,6,21,2,Tuesday,June,2
537,2022-06-22,2022,6,22,3,Wednesday,June,2
538,2022-06-23,2022,6,23,4,Thursday,June,2
539,2022-06-24,2022,6,24,5,Friday,June,2
540,2022-06-25,2022,6,25,6,Saturday,June,2
541,2022-06-26,2022,6,26,7,Sunday,June,2
542,2022-06-27,2022,6,27,1,Monday,June,2
543,2022-06-28,2022,6,28,2,Tuesday,June,2
544,2022-06-29,2022,6,29,3,Wednesday,June,2
545,2022-06-30,2022,6,30,4,Thursday,June,2
546,2022-07-01,2022,7,1,5,Friday,July,3
547,2022-07-02,2022,7,2,6,Saturday,July,3
548,2022-07-03,2022,7,3,7,Sunday,July,3
549,2022-07-04,2022,7,4,1,Monday,July,3
550,2022-07-05,2022,7,5,2,Tuesday,July,3
551,2022-07-06,2022,7,6,3,Wednesday,July,3
552,2022-07-07,2022,7,7,4,Thursday,July,3
553,2022-07-08,2022,7,8,5,Friday,July,3
554,2022-07-09,2022,7,9,6,Saturday,July,3
555,2022-07-10,2022,7,10,7,Sunday,July,3
556,2022-07-11,2022,7,11,1,Monday,July,3
557,2022-07-12,2022,7,12,2,Tuesday,July,3
558,2022-07-13,2022,7,13,3,Wednesday,July,3
559,2022-07-14,2022,7,14,4,Thursday,July,3
560,2022-07-15,2022,7,15,5,Friday,July,3
561,2022-07-16,2022,7,16,6,Saturday,July,3
562,2022-07-17,2022,7,17,7,Sunday,July,3
563,2022-07-18,2022,7,18,1,Monday,July,3
564,2022-07-19,2022,7,19,2,Tuesday,July,3
565,2022-07-20,2022,7,20,3,Wednesday,July,3
566,2022-07-21,2022,7,21,4,Thursday,July,3
567,2022-07-22,2022,7,22,5,Friday,July,3
568,2022-07-23,2022,7,23,6,Saturday,July,3
569,2022-07-24,2022,7,24,7,Sunday,July,3
570,2022-07-25,2022,7,25,1,Monday,July,3
571,2022-07-26,2022,7,26,2,Tuesday,July,3
572,2022-07-27,2022,7,27,3,Wednesday,July,3
573,2022-07-28,2022,7,28,4,Thursday,July,3
574,2022-07-29,2022,7,29,5,Friday,July,3
575,2022-07-30,2022,7,30,6,Saturday,July,3
576,2022-07-31,2022,7,31,7,Sunday,July,3
577,2022-08-01,2022,8,1,1,Monday,August,3
578,2022-08-02,2022,8,2,2,Tuesday,August,3
579,2022-08-03,2022,8,3,3,Wednesday,August,3
580,2022-08-04,2022,8,4,4,Thursday,August,3
581,2022-08-05,2022,8,5,5,Friday,August,3
582,2022-08-06,2022,8,6,6,Saturday,August,3
583,2022-08-07,2022,8,7,7,Sunday,August,3
584,2022-08-08,2022,8,8,1,Monday,August,3
585,2022-08-09,2022,8,9,2,Tuesday,August,3
586,2022-08-10,2022,8,10,3,Wednesday,August,3
587,2022-08-11,2022,8,11,4,Thursday,August,3
588,2022-08-12,2022,8,12,5,Friday,August,3
589,2022-08-13,2022,8,13,6,Saturday,August,3
590,2022-08-14,2022,8,14,7,Sunday,August,3
591,2022-08-15,2022,8,15,1,Monday,August,3
592,2022-08-16,2022,8,16,2,Tuesday,August,3
593,2022-08-17,2022,8,17,3,Wednesday,August,3
594,2022-08-18,2022,8,18,4,Thursday,August,3
595,2022-08-19,2022,8,19,5,Friday,August,3
596,2022-08-20,2022,8,20,6,Saturday,August,3
597,2022-08-21,2022,8,21,7,Sunday,August,3
598,2022-08-22,2022,8,22,1,Monday,August,3
599,2022-08-23,2022,8,23,2,Tuesday,August,3
600,2022-08-24,2022,8,24,3,Wednesday,August,3
601,2022-08-25,2022,8,25,4,Thursday,August,3
602,2022-08-26,2022,8,26,5,Friday,August,3
603,2022-08-27,2022,8,27,6,Saturday,August,3
604,2022-08-28,2022,8,28,7,Sunday,August,3
605,2022-08-29,2022,8,29,1,Monday,August,3
606,2022-08-30,2022,8,30,2,Tuesday,August,3
607,2022-08-31,2022,8,31,3,Wednesday,August,3
608,2022-09-01,2022,9,1,4,Thursday,September,3
609,2022-09-02,2022,9,2,5,Friday,September,3
610,2022-09-03,2022,9,3,6,Saturday,September,3
611,2022-09-04,2022,9,4,7,Sunday,September,3
612,2022-09-05,2022,9,5,1,Monday,September,3
613,2022-09-06,2022,9,6,2,Tuesday,September,3
614,2022-09-07,2022,9,7,3,Wednesday,September,3
615,2022-09-08,2022,9,8,4,Thursday,September,3
616,2022-09-09,2022,9,9,5,Friday,September,3
617,2022-09-10,2022,9,10,6,Saturday,September,3
618,2022-09-11,2022,9,11,7,Sunday,September,3
619,2022-09-12,2022,9,12,1,Monday,September,3
620,2022-09-13,2022,9,13,2,Tuesday,September,3
621,2022-09-14,2022,9,14,3,Wednesday,September,3
622,2022-09-15,2022,9,15,4,Thursday,September,3
623,2022-09-16,2022,9,16,5,Friday,September,3
624,2022-09-17,2022,9,17,6,Saturday,September,3
625,2022-09-18,2022,9,18,7,Sunday,September,3
626,2022-09-19,2022,9,19,1,Monday,September,3
627,2022-09-20,2022,9,20,2,Tuesday,September,3
628,2022-09-21,2022,9,21,3,Wednesday,September,3
629,2022-09-22,2022,9,22,4,Thursday,September,3
630,2022-09-23,2022,9,23,5,Friday,September,3
631,2022-09-24,2022,9,24,6,Saturday,September,3
632,2022-09-25,2022,9,25,7,Sunday,September,3
633,2022-09-26,2022,9,26,1,Monday,September,3
634,2022-09-27,2022,9,27,2,Tuesday,September,3
635,2022-09-28,2022,9,28,3,Wednesday,September,3
636,2022-09-29,2022,9,29,4,Thursday,September,3
637,2022-09-30,2022,9,30,5,Friday,September,3
638,2022-10-01,2022,10,1,6,Saturday,October,4
639,2022-10-02,2022,10,2,7,Sunday,October,4
640,2022-10-03,2022,10,3,1,Monday,October,4
641,2022-10-04,2022,10,4,2,Tuesday,October,4
642,2022-10-05,2022,10,5,3,Wednesday,October,4
643,2022-10-06,2022,10,6,4,Thursday,October,4
644,2022-10-07,2022,10,7,5,Friday,October,4
645,2022-10-08,2022,10,8,6,Saturday,October,4
646,2022-10-09,2022,10,9,7,Sunday,October,4
647,2022-10-10,2022,10,10,1,Monday,October,4
648,2022-10-11,2022,10,11,2,Tuesday,October,4
649,2022-10-12,2022,10,12,3,Wednesday,October,4
650,2022-10-13,2022,10,13,4,Thursday,October,4
651,2022-10-14,2022,10,14,5,Friday,October,4
652,2022-10-15,2022,10,15,6,Saturday,October,4
653,2022-10-16,2022,10,16,7,Sunday,October,4
654,2022-10-17,2022,10,17,1,Monday,October,4
655,2022-10-18,2022,10,18,2,Tuesday,October,4
656,2022-10-19,2022,10,19,3,Wednesday,October,4
657,2022-10-20,2022,10,20,4,Thursday,October,4
658,2022-10-21,2022,10,21,5,Friday,October,4
659,2022-10-22,2022,10,22,6,Saturday,October,4
660,2022-10-23,2022,10,23,7,Sunday,October,4
661,2022-10-24,2022,10,24,1,Monday,October,4
662,2022-10-25,2022,10,25,2,Tuesday,October,4
663,2022-10-26,2022,10,26,3,Wednesday,October,4
664,2022-10-27,2022,10,27,4,Thursday,October,4
665,2022-10-28,2022,10,28,5,Friday,October,4
666,2022-10-29,2022,10,29,6,Saturday,October,4
667,2022-10-30,2022,10,30,7,Sunday,October,4
668,2022-10-31,2022,10,31,1,Monday,October,4
669,2022-11-01,2022,11,1,2,Tuesday,November,4
670,2022-11-02,2022,11,2,3,Wednesday,November,4
671,2022-11-03,2022,11,3,4,Thursday,November,4
672,2022-11-04,2022,11,4,5,Friday,November,4
673,2022-11-05,2022,11,5,6,Saturday,November,4
674,2022-11-06,2022,11,6,7,Sunday,November,4
675,2022-11-07,2022,11,7,1,Monday,November,4
676,2022-11-08,2022,11,8,2,Tuesday,November,4
677,2022-11-09,2022,11,9,3,Wednesday,November,4
678,2022-11-10,2022,11,10,4,Thursday,November,4
679,2022-11-11,2022,11,11,5,Friday,November,4
680,2022-11-12,2022,11,12,6,Saturday,November,4
681,2022-11-13,2022,11,13,7,Sunday,November,4
682,2022-11-14,2022,11,14,1,Monday,November,4
683,2022-11-15,2022,11,15,2,Tuesday,November,4
684,2022-11-16,2022,11,16,3,Wednesday,November,4
685,2022-11-17,2022,11,17,4,Thursday,November,4
686,2022-11-18,2022,11,18,5,Friday,November,4
687,2022-11-19,2022,11,19,6,Saturday,November,4
688,2022-11-20,2022,11,20,7,Sunday,November,4
689,2022-11-21,2022,11,21,1,Monday,November,4
690,2022-11-22,2022,11,22,2,Tuesday,November,4
691,2022-11-23,2022,11,23,3,Wednesday,November,4
692,2022-11-24,2022,11,24,4,Thursday,November,4
693,2022-11-25,2022,11,25,5,Friday,November,4
694,2022-11-26,2022,11,26,6,Saturday,November,4
695,2022-11-27,2022,11,27,7,Sunday,November,4
696,2022-11-28,2022,11,28,1,Monday,November,4
697,2022-11-29,2022,11,29,2,Tuesday,November,4
698,2022-11-30,2022,11,30,3,Wednesday,November,4
699,2022-12-01,2022,12,1,4,Thursday,December,4
700,2022-12-02,2022,12,2,5,Friday,December,4
701,2022-12-03,2022,12,3,6,Saturday,December,4
702,2022-12-04,2022,12,4,7,Sunday,December,4
703,2022-12-05,2022,12,5,1,Monday,December,4
704,2022-12-06,2022,12,6,2,Tuesday,December,4
705,2022-12-07,2022,12,7,3,Wednesday,December,4
706,2022-12-08,2022,12,8,4,Thursday,December,4
707,2022-12-09,2022,12,9,5,Friday,December,4
708,2022-12-10,2022,12,10,6,Saturday,December,4
709,2022-12-11,2022,12,11,7,Sunday,December,4
710,2022-12-12,2022,12,12,1,Monday,December,4
711,2022-12-13,2022,12,13,2,Tuesday,December,4
712,2022-12-14,2022,12,14,3,Wednesday,December,4
713,2022-12-15,2022,12,15,4,Thursday,December,4
714,2022-12-16,2022,12,16,5,Friday,December,4
715,2022-12-17,2022,12,17,6,Saturday,December,4
716,2022-12-18,2022,12,18,7,Sunday,December,4
717,2022-12-19,2022,12,19,1,Monday,December,4
718,2022-12-20,2022,12,20,2,Tuesday,December,4
719,2022-12-21,2022,12,21,3,Wednesday,December,4
720,2022-12-22,2022,12,22,4,Thursday,December,4
721,2022-12-23,2022,12,23,5,Friday,December,4
722,2022-12-24,2022,12,24,6,Saturday,December,4
723,2022-12-25,2022,12,25,7,Sunday,December,4
724,2022-12-26,2022,12,26,1,Monday,December,4
725,2022-12-27,2022,12,27,2,Tuesday,December,4
726,2022-12-28,2022,12,28,3,Wednesday,December,4
727,2022-12-29,2022,12,29,4,Thursday,December,4
728,2022-12-30,2022,12,30,5,Friday,December,4
729,2022-12-31,2022,12,31,6,Saturday,December,4
730,2023-01-01,2023,1,1,7,Sunday,January,1
731,2023-01-02,2023,1,2,1,Monday,January,1
732,2023-01-03,2023,1,3,2,Tuesday,January,1
733,2023-01-04,2023,1,4,3,Wednesday,January,1
734,2023-01-05,2023,1,5,4,Thursday,January,1
735,2023-01-06,2023,1,6,5,Friday,January,1
736,2023-01-07,2023,1,7,6,Saturday,January,1
737,2023-01-08,2023,1,8,7,Sunday,January,1
738,2023-01-09,2023,1,9,1,Monday,January,1
739,2023-01-10,2023,1,10,2,Tuesday,January,1
740,2023-01-11,2023,1,11,3,Wednesday,January,1
741,2023-01-12,2023,1,12,4,Thursday,January,1
742,2023-01-13,2023,1,13,5,Friday,January,1
743,2023-01-14,2023,1,14,6,Saturday,January,1
744,2023-01-15,2023,1,15,7,Sunday,January,1
745,2023-01-16,2023,1,16,1,Monday,January,1
746,2023-01-17,2023,1,17,2,Tuesday,January,1
747,2023-01-18,2023,1,18,3,Wednesday,January,1
748,2023-01-19,2023,1,19,4,Thursday,January,1
749,2023-01-20,2023,1,20,5,Friday,January,1
750,2023-01-21,2023,1,21,6,Saturday,January,1
751,2023-01-22,2023,1,22,7,Sunday,January,1
752,2023-01-23,2023,1,23,1,Monday,January,1
753,2023-01-24,2023,1,24,2,Tuesday,January,1
754,2023-01-25,2023,1,25,3,Wednesday,January,1
755,2023-01-26,2023,1,26,4,Thursday,January,1
756,2023-01-27,2023,1,27,5,Friday,January,1
757,2023-01-28,2023,1,28,6,Saturday,January,1
758,2023-01-29,2023,1,29,7,Sunday,January,1
759,2023-01-30,2023,1,30,1,Monday,January,1
760,2023-01-31,2023,1,31,2,Tuesday,January,1
761,2023-02-01,2023,2,1,3,Wednesday,February,1
762,2023-02-02,2023,2,2,4,Thursday,February,1
763,2023-02-03,2023,2,3,5,Friday,February,1
764,2023-02-04,2023,2,4,6,Saturday,February,1
765,2023-02-05,2023,2,5,7,Sunday,February,1
766,2023-02-06,2023,2,6,1,Monday,February,1
767,2023-02-07,2023,2,7,2,Tuesday,February,1
768,2023-02-08,2023,2,8,3,Wednesday,February,1
769,2023-02-09,2023,2,9,4,Thursday,February,1
770,2023-02-10,2023,2,10,5,Friday,February,1
771,2023-02-11,2023,2,11,6,Saturday,February,1
772,2023-02-12,2023,2,12,7,Sunday,February,1
773,2023-02-13,2023,2,13,1,Monday,February,1
774,2023-02-14,2023,2,14,2,Tuesday,February,1
775,2023-02-15,2023,2,15,3,Wednesday,February,1
776,2023-02-16,2023,2,16,4,Thursday,February,1
777,2023-02-17,2023,2,17,5,Friday,February,1
778,2023-02-18,2023,2,18,6,Saturday,February,1
779,2023-02-19,2023,2,19,7,Sunday,February,1
780,2023-02-20,2023,2,20,1,Monday,February,1
781,2023-02-21,2023,2,21,2,Tuesday,February,1
782,2023-02-22,2023,2,22,3,Wednesday,February,1
783,2023-02-23,2023,2,23,4,Thursday,February,1
784,2023-02-24,2023,2,24,5,Friday,February,1
785,2023-02-25,2023,2,25,6,Saturday,February,1
786,2023-02-26,2023,2,26,7,Sunday,February,1
787,2023-02-27,2023,2,27,1,Monday,February,1
788,2023-02-28,2023,2,28,2,Tuesday,February,1
789,2023-03-01,2023,3,1,3,Wednesday,March,1
790,2023-03-02,2023,3,2,4,Thursday,March,1
791,2023-03-03,2023,3,3,5,Friday,March,1
792,2023-03-04,2023,3,4,6,Saturday,March,1
793,2023-03-05,2023,3,5,7,Sunday,March,1
794,2023-03-06,2023,3,6,1,Monday,March,1
795,2023-03-07,2023,3,7,2,Tuesday,March,1
796,2023-03-08,2023,3,8,3,Wednesday,March,1
797,2023-03-09,2023,3,9,4,Thursday,March,1
798,2023-03-10,2023,3,10,5,Friday,March,1
799,2023-03-11,2023,3,11,6,Saturday,March,1
800,2023-03-12,2023,3,12,7,Sunday,March,1
801,2023-03-13,2023,3,13,1,Monday,March,1
802,2023-03-14,2023,3,14,2,Tuesday,March,1
803,2023-03-15,2023,3,15,3,Wednesday,March,1
804,2023-03-16,2023,3,16,4,Thursday,March,1
805,2023-03-17,2023,3,17,5,Friday,March,1
806,2023-03-18,2023,3,18,6,Saturday,March,1
807,2023-03-19,2023,3,19,7,Sunday,March,1
808,2023-03-20,2023,3,20,1,Monday,March,1
809,2023-03-21,2023,3,21,2,Tuesday,March,1
810,2023-03-22,2023,3,22,3,Wednesday,March,1
811,2023-03-23,2023,3,23,4,Thursday,March,1
812,2023-03-24,2023,3,24,5,Friday,March,1
813,2023-03-25,2023,3,25,6,Saturday,March,1
814,2023-03-26,2023,3,26,7,Sunday,March,1
815,2023-03-27,2023,3,27,1,Monday,March,1
816,2023-03-28,2023,3,28,2,Tuesday,March,1
817,2023-03-29,2023,3,29,3,Wednesday,March,1
818,2023-03-30,2023,3,30,4,Thursday,March,1
819,2023-03-31,2023,3,31,5,Friday,March,1
820,2023-04-01,2023,4,1,6,Saturday,April,2
821,2023-04-02,2023,4,2,7,Sunday,April,2
822,2023-04-03,2023,4,3,1,Monday,April,2
823,2023-04-04,2023,4,4,2,Tuesday,April,2
824,2023-04-05,2023,4,5,3,Wednesday,April,2
825,2023-04-06,2023,4,6,4,Thursday,April,2
826,2023-04-07,2023,4,7,5,Friday,April,2
827,2023-04-08,2023,4,8,6,Saturday,April,2
828,2023-04-09,2023,4,9,7,Sunday,April,2
829,2023-04-10,2023,4,10,1,Monday,April,2
830,2023-04-11,2023,4,11,2,Tuesday,April,2
831,2023-04-12,2023,4,12,3,Wednesday,April,2
832,2023-04-13,2023,4,13,4,Thursday,April,2
833,2023-04-14,2023,4,14,5,Friday,April,2
834,2023-04-15,2023,4,15,6,Saturday,April,2
835,2023-04-16,2023,4,16,7,Sunday,April,2
836,2023-04-17,2023,4,17,1,Monday,April,2
837,2023-04-18,2023,4,18,2,Tuesday,April,2
838,2023-04-19,2023,4,19,3,Wednesday,April,2
839,2023-04-20,2023,4,20,4,Thursday,April,2
840,2023-04-21,2023,4,21,5,Friday,April,2
841,2023-04-22,2023,4,22,6,Saturday,April,2
842,2023-04-23,2023,4,23,7,Sunday,April,2
843,2023-04-24,2023,4,24,1,Monday,April,2
844,2023-04-25,2023,4,25,2,Tuesday,April,2
845,2023-04-26,2023,4,26,3,Wednesday,April,2
846,2023-04-27,2023,4,27,4,Thursday,April,2
847,2023-04-28,2023,4,28,5,Friday,April,2
848,2023-04-29,2023,4,29,6,Saturday,April,2
849,2023-04-30,2023,4,30,7,Sunday,April,2
850,2023-05-01,2023,5,1,1,Monday,May,2
851,2023-05-02,2023,5,2,2,Tuesday,May,2
852,2023-05-03,2023,5,3,3,Wednesday,May,2
853,2023-05-04,2023,5,4,4,Thursday,May,2
854,2023-05-05,2023,5,5,5,Friday,May,2
855,2023-05-06,2023,5,6,6,Saturday,May,2
856,2023-05-07,2023,5,7,7,Sunday,May,2
857,2023-05-08,2023,5,8,1,Monday,May,2
858,2023-05-09,2023,5,9,2,Tuesday,May,2
859,2023-05-10,2023,5,10,3,Wednesday,May,2
860,2023-05-11,2023,5,11,4,Thursday,May,2
861,2023-05-12,2023,5,12,5,Friday,May,2
862,2023-05-13,2023,5,13,6,Saturday,May,2
863,2023-05-14,2023,5,14,7,Sunday,May,2
864,2023-05-15,2023,5,15,1,Monday,May,2
865,2023-05-16,2023,5,16,2,Tuesday,May,2
866,2023-05-17,2023,5,17,3,Wednesday,May,2
867,2023-05-18,2023,5,18,4,Thursday,May,2
868,2023-05-19,2023,5,19,5,Friday,May,2
869,2023-05-20,2023,5,20,6,Saturday,May,2
870,2023-05-21,2023,5,21,7,Sunday,May,2
871,2023-05-22,2023,5,22,1,Monday,May,2
872,2023-05-23,2023,5,23,2,Tuesday,May,2
873,2023-05-24,2023,5,24,3,Wednesday,May,2
874,2023-05-25,2023,5,25,4,Thursday,May,2
875,2023-05-26,2023,5,26,5,Friday,May,2
876,2023-05-27,2023,5,27,6,Saturday,May,2
877,2023-05-28,2023,5,28,7,Sunday,May,2
878,2023-05-29,2023,5,29,1,Monday,May,2
879,2023-05-30,2023,5,30,2,Tuesday,May,2
880,2023-05-31,2023,5,31,3,Wednesday,May,2
881,2023-06-01,2023,6,1,4,Thursday,June,2
882,2023-06-02,2023,6,2,5,Friday,June,2
883,2023-06-03,2023,6,3,6,Saturday,June,2
884,2023-06-04,2023,6,4,7,Sunday,June,2
885,2023-06-05,2023,6,5,1,Monday,June,2
886,2023-06-06,2023,6,6,2,Tuesday,June,2
887,2023-06-07,2023,6,7,3,Wednesday,June,2
888,2023-06-08,2023,6,8,4,Thursday,June,2
889,2023-06-09,2023,6,9,5,Friday,June,2
890,2023-06-10,2023,6,10,6,Saturday,June,2
891,2023-06-11,2023,6,11,7,Sunday,June,2
892,2023-06-12,2023,6,12,1,Monday,June,2
893,2023-06-13,2023,6,13,2,Tuesday,June,2
894,2023-06-14,2023,6,14,3,Wednesday,June,2
895,2023-06-15,2023,6,15,4,Thursday,June,2
896,2023-06-16,2023,6,16,5,Friday,June,2
897,2023-06-17,2023,6,17,6,Saturday,June,2
898,2023-06-18,2023,6,18,7,Sunday,June,2
899,2023-06-19,2023,6,19,1,Monday,June,2
900,2023-06-20,2023,6,20,2,Tuesday,June,2
901,2023-06-21,2023,6,21,3,Wednesday,June,2
902,2023-06-22,2023,6,22,4,Thursday,June,2
903,2023-06-23,2023,6,23,5,Friday,June,2
904,2023-06-24,2023,6,24,6,Saturday,June,2
905,2023-06-25,2023,6,25,7,Sunday,June,2
906,2023-06-26,2023,6,26,1,Monday,June,2
907,2023-06-27,2023,6,27,2,Tuesday,June,2
908,2023-06-28,2023,6,28,3,Wednesday,June,2
909,2023-06-29,2023,6,29,4,Thursday,June,2
910,2023-06-30,2023,6,30,5,Friday,June,2
911,2023-07-01,2023,7,1,6,Saturday,July,3
912,2023-07-02,2023,7,2,7,Sunday,July,3
913,2023-07-03,2023,7,3,1,Monday,July,3
914,2023-07-04,2023,7,4,2,Tuesday,July,3
915,2023-07-05,2023,7,5,3,Wednesday,July,3
916,2023-07-06,2023,7,6,4,Thursday,July,3
917,2023-07-07,2023,7,7,5,Friday,July,3
918,2023-07-08,2023,7,8,6,Saturday,July,3
919,2023-07-09,2023,7,9,7,Sunday,July,3
920,2023-07-10,2023,7,10,1,Monday,July,3
921,2023-07-11,2023,7,11,2,Tuesday,July,3
922,2023-07-12,2023,7,12,3,Wednesday,July,3
923,2023-07-13,2023,7,13,4,Thursday,July,3
924,2023-07-14,2023,7,14,5,Friday,July,3
925,2023-07-15,2023,7,15,6,Saturday,July,3
926,2023-07-16,2023,7,16,7,Sunday,July,3
927,2023-07-17,2023,7,17,1,Monday,July,3
928,2023-07-18,2023,7,18,2,Tuesday,July,3
929,2023-07-19,2023,7,19,3,Wednesday,July,3
930,2023-07-20,2023,7,20,4,Thursday,July,3
931,2023-07-21,2023,7,21,5,Friday,July,3
932,2023-07-22,2023,7,22,6,Saturday,July,3
933,2023-07-23,2023,7,23,7,Sunday,July,3
934,2023-07-24,2023,7,24,1,Monday,July,3
935,2023-07-25,2023,7,25,2,Tuesday,July,3
936,2023-07-26,2023,7,26,3,Wednesday,July,3
937,2023-07-27,2023,7,27,4,Thursday,July,3
938,2023-07-28,2023,7,28,5,Friday,July,3
939,2023-07-29,2023,7,29,6,Saturday,July,3
940,2023-07-30,2023,7,30,7,Sunday,July,3
941,2023-07-31,2023,7,31,1,Monday,July,3
942,2023-08-01,2023,8,1,2,Tuesday,August,3
943,2023-08-02,2023,8,2,3,Wednesday,August,3
944,2023-08-03,2023,8,3,4,Thursday,August,3
945,2023-08-04,2023,8,4,5,Friday,August,3
946,2023-08-05,2023,8,5,6,Saturday,August,3
947,2023-08-06,2023,8,6,7,Sunday,August,3
948,2023-08-07,2023,8,7,1,Monday,August,3
949,2023-08-08,2023,8,8,2,Tuesday,August,3
950,2023-08-09,2023,8,9,3,Wednesday,August,3
951,2023-08-10,2023,8,10,4,Thursday,August,3
952,2023-08-11,2023,8,11,5,Friday,August,3
953,2023-08-12,2023,8,12,6,Saturday,August,3
954,2023-08-13,2023,8,13,7,Sunday,August,3
955,2023-08-14,2023,8,14,1,Monday,August,3
956,2023-08-15,2023,8,15,2,Tuesday,August,3
957,2023-08-16,2023,8,16,3,Wednesday,August,3
958,2023-08-17,2023,8,17,4,Thursday,August,3
959,2023-08-18,2023,8,18,5,Friday,August,3
960,2023-08-19,2023,8,19,6,Saturday,August,3
961,2023-08-20,2023,8,20,7,Sunday,August,3
962,2023-08-21,2023,8,21,1,Monday,August,3
963,2023-08-22,2023,8,22,2,Tuesday,August,3
964,2023-08-23,2023,8,23,3,Wednesday,August,3
965,2023-08-24,2023,8,24,4,Thursday,August,3
966,2023-08-25,2023,8,25,5,Friday,August,3
967,2023-08-26,2023,8,26,6,Saturday,August,3
968,2023-08-27,2023,8,27,7,Sunday,August,3
969,2023-08-28,2023,8,28,1,Monday,August,3
970,2023-08-29,2023,8,29,2,Tuesday,August,3
971,2023-08-30,2023,8,30,3,Wednesday,August,3
972,2023-08-31,2023,8,31,4,Thursday,August,3
973,2023-09-01,2023,9,1,5,Friday,September,3
974,2023-09-02,2023,9,2,6,Saturday,September,3
975,2023-09-03,2023,9,3,7,Sunday,September,3
976,2023-09-04,2023,9,4,1,Monday,September,3
977,2023-09-05,2023,9,5,2,Tuesday,September,3
978,2023-09-06,2023,9,6,3,Wednesday,September,3
979,2023-09-07,2023,9,7,4,Thursday,September,3
980,2023-09-08,2023,9,8,5,Friday,September,3
981,2023-09-09,2023,9,9,6,Saturday,September,3
982,2023-09-10,2023,9,10,7,Sunday,September,3
983,2023-09-11,2023,9,11,1,Monday,September,3
984,2023-09-12,2023,9,12,2,Tuesday,September,3
985,2023-09-13,2023,9,13,3,Wednesday,September,3
986,2023-09-14,2023,9,14,4,Thursday,September,3
987,2023-09-15,2023,9,15,5,Friday,September,3
988,2023-09-16,2023,9,16,6,Saturday,September,3
989,2023-09-17,2023,9,17,7,Sunday,September,3
990,2023-09-18,2023,9,18,1,Monday,September,3
991,2023-09-19,2023,9,19,2,Tuesday,September,3
992,2023-09-20,2023,9,20,3,Wednesday,September,3
993,2023-09-21,2023,9,21,4,Thursday,September,3
994,2023-09-22,2023,9,22,5,Friday,September,3
995,2023-09-23,2023,9,23,6,Saturday,September,3
996,2023-09-24,2023,9,24,7,Sunday,September,3
997,2023-09-25,2023,9,25,1,Monday,September,3
998,2023-09-26,2023,9,26,2,Tuesday,September,3
999,2023-09-27,2023,9,27,3,Wednesday,September,3
1000,2023-09-28,2023,9,28,4,Thursday,September,3
1001,2023-09-29,2023,9,29,5,Friday,September,3
1002,2023-09-30,2023,9,30,6,Saturday,September,3
1003,2023-10-01,2023,10,1,7,Sunday,October,4
1004,2023-10-02,2023,10,2,1,Monday,October,4
1005,2023-10-03,2023,10,3,2,Tuesday,October,4
1006,2023-10-04,2023,10,4,3,Wednesday,October,4
1007,2023-10-05,2023,10,5,4,Thursday,October,4
1008,2023-10-06,2023,10,6,5,Friday,October,4
1009,2023-10-07,2023,10,7,6,Saturday,October,4
1010,2023-10-08,2023,10,8,7,Sunday,October,4
1011,2023-10-09,2023,10,9,1,Monday,October,4
1012,2023-10-10,2023,10,10,2,Tuesday,October,4
1013,2023-10-11,2023,10,11,3,Wednesday,October,4
1014,2023-10-12,2023,10,12,4,Thursday,October,4
1015,2023-10-13,2023,10,13,5,Friday,October,4
1016,2023-10-14,2023,10,14,6,Saturday,October,4
1017,2023-10-15,2023,10,15,7,Sunday,October,4
1018,2023-10-16,2023,10,16,1,Monday,October,4
1019,2023-10-17,2023,10,17,2,Tuesday,October,4
1020,2023-10-18,2023,10,18,3,Wednesday,October,4
1021,2023-10-19,2023,10,19,4,Thursday,October,4
1022,2023-10-20,2023,10,20,5,Friday,October,4
1023,2023-10-21,2023,10,21,6,Saturday,October,4
1024,2023-10-22,2023,10,22,7,Sunday,October,4
1025,2023-10-23,2023,10,23,1,Monday,October,4
1026,2023-10-24,2023,10,24,2,Tuesday,October,4
1027,2023-10-25,2023,10,25,3,Wednesday,October,4
1028,2023-10-26,2023,10,26,4,Thursday,October,4
1029,2023-10-27,2023,10,27,5,Friday,October,4
1030,2023-10-28,2023,10,28,6,Saturday,October,4
1031,2023-10-29,2023,10,29,7,Sunday,October,4
1032,2023-10-30,2023,10,30,1,Monday,October,4
1033,2023-10-31,2023,10,31,2,Tuesday,October,4
1034,2023-11-01,2023,11,1,3,Wednesday,November,4
1035,2023-11-02,2023,11,2,4,Thursday,November,4
1036,2023-11-03,2023,11,3,5,Friday,November,4
1037,2023-11-04,2023,11,4,6,Saturday,November,4
1038,2023-11-05,2023,11,5,7,Sunday,November,4
1039,2023-11-06,2023,11,6,1,Monday,November,4
1040,2023-11-07,2023,11,7,2,Tuesday,November,4
1041,2023-11-08,2023,11,8,3,Wednesday,November,4
1042,2023-11-09,2023,11,9,4,Thursday,November,4
1043,2023-11-10,2023,11,10,5,Friday,November,4
1044,2023-11-11,2023,11,11,6,Saturday,November,4
1045,2023-11-12,2023,11,12,7,Sunday,November,4
1046,2023-11-13,2023,11,13,1,Monday,November,4
1047,2023-11-14,2023,11,14,2,Tuesday,November,4
1048,2023-11-15,2023,11,15,3,Wednesday,November,4
1049,2023-11-16,2023,11,16,4,Thursday,November,4
1050,2023-11-17,2023,11,17,5,Friday,November,4
1051,2023-11-18,2023,11,18,6,Saturday,November,4
1052,2023-11-19,2023,11,19,7,Sunday,November,4
1053,2023-11-20,2023,11,20,1,Monday,November,4
1054,2023-11-21,2023,11,21,2,Tuesday,November,4
1055,2023-11-22,2023,11,22,3,Wednesday,November,4
1056,2023-11-23,2023,11,23,4,Thursday,November,4
1057,2023-11-24,2023,11,24,5,Friday,November,4
1058,2023-11-25,2023,11,25,6,Saturday,November,4
1059,2023-11-26,2023,11,26,7,Sunday,November,4
1060,2023-11-27,2023,11,27,1,Monday,November,4
1061,2023-11-28,2023,11,28,2,Tuesday,November,4
1062,2023-11-29,2023,11,29,3,Wednesday,November,4
1063,2023-11-30,2023,11,30,4,Thursday,November,4
1064,2023-12-01,2023,12,1,5,Friday,December,4
1065,2023-12-02,2023,12,2,6,Saturday,December,4
1066,2023-12-03,2023,12,3,7,Sunday,December,4
1067,2023-12-04,2023,12,4,1,Monday,December,4
1068,2023-12-05,2023,12,5,2,Tuesday,December,4
1069,2023-12-06,2023,12,6,3,Wednesday,December,4
1070,2023-12-07,2023,12,7,4,Thursday,December,4
1071,2023-12-08,2023,12,8,5,Friday,December,4
1072,2023-12-09,2023,12,9,6,Saturday,December,4
1073,2023-12-10,2023,12,10,7,Sunday,December,4
1074,2023-12-11,2023,12,11,1,Monday,December,4
1075,2023-12-12,2023,12,12,2,Tuesday,December,4
1076,2023-12-13,2023,12,13,3,Wednesday,December,4
1077,2023-12-14,2023,12,14,4,Thursday,December,4
1078,2023-12-15,2023,12,15,5,Friday,December,4
1079,2023-12-16,2023,12,16,6,Saturday,December,4
1080,2023-12-17,2023,12,17,7,Sunday,December,4
1081,2023-12-18,2023,12,18,1,Monday,December,4
1082,2023-12-19,2023,12,19,2,Tuesday,December,4
1083,2023-12-20,2023,12,20,3,Wednesday,December,4
1084,2023-12-21,2023,12,21,4,Thursday,December,4
1085,2023-12-22,2023,12,22,5,Friday,December,4
1086,2023-12-23,2023,12,23,6,Saturday,December,4
1087,2023-12-24,2023,12,24,7,Sunday,December,4
1088,2023-12-25,2023,12,25,1,Monday,December,4
1089,2023-12-26,2023,12,26,2,Tuesday,December,4
1090,2023-12-27,2023,12,27,3,Wednesday,December,4
1091,2023-12-28,2023,12,28,4,Thursday,December,4
1092,2023-12-29,2023,12,29,5,Friday,December,4
1093,2023-12-30,2023,12,30,6,Saturday,December,4
1094,2023-12-31,2023,12,31,7,Sunday,December,4
1095,2024-01-01,2024,1,1,1,Monday,January,1
1096,2024-01-02,2024,1,2,2,Tuesday,January,1
1097,2024-01-03,2024,1,3,3,Wednesday,January,1
1098,2024-01-04,2024,1,4,4,Thursday,January,1
1099,2024-01-05,2024,1,5,5,Friday,January,1
1100,2024-01-06,2024,1,6,6,Saturday,January,1
1101,2024-01-07,2024,1,7,7,Sunday,January,1
1102,2024-01-08,2024,1,8,1,Monday,January,1
1103,2024-01-09,2024,1,9,2,Tuesday,January,1
1104,2024-01-10,2024,1,10,3,Wednesday,January,1
1105,2024-01-11,2024,1,11,4,Thursday,January,1
1106,2024-01-12,2024,1,12,5,Friday,January,1
1107,2024-01-13,2024,1,13,6,Saturday,January,1
1108,2024-01-14,2024,1,14,7,Sunday,January,1
1109,2024-01-15,2024,1,15,1,Monday,January,1
1110,2024-01-16,2024,1,16,2,Tuesday,January,1
1111,2024-01-17,2024,1,17,3,Wednesday,January,1
1112,2024-01-18,2024,1,18,4,Thursday,January,1
1113,2024-01-19,2024,1,19,5,Friday,January,1
1114,2024-01-20,2024,1,20,6,Saturday,January,1
1115,2024-01-21,2024,1,21,7,Sunday,January,1
1116,2024-01-22,2024,1,22,1,Monday,January,1
1117,2024-01-23,2024,1,23,2,Tuesday,January,1
1118,2024-01-24,2024,1,24,3,Wednesday,January,1
1119,2024-01-25,2024,1,25,4,Thursday,January,1
1120,2024-01-26,2024,1,26,5,Friday,January,1
1121,2024-01-27,2024,1,27,6,Saturday,January,1
1122,2024-01-28,2024,1,28,7,Sunday,January,1
1123,2024-01-29,2024,1,29,1,Monday,January,1
1124,2024-01-30,2024,1,30,2,Tuesday,January,1
1125,2024-01-31,2024,1,31,3,Wednesday,January,1
1126,2024-02-01,2024,2,1,4,Thursday,February,1
1127,2024-02-02,2024,2,2,5,Friday,February,1
1128,2024-02-03,2024,2,3,6,Saturday,February,1
1129,2024-02-04,2024,2,4,7,Sunday,February,1
1130,2024-02-05,2024,2,5,1,Monday,February,1
1131,2024-02-06,2024,2,6,2,Tuesday,February,1
1132,2024-02-07,2024,2,7,3,Wednesday,February,1
1133,2024-02-08,2024,2,8,4,Thursday,February,1
1134,2024-02-09,2024,2,9,5,Friday,February,1
1135,2024-02-10,2024,2,10,6,Saturday,February,1
1136,2024-02-11,2024,2,11,7,Sunday,February,1
1137,2024-02-12,2024,2,12,1,Monday,February,1
1138,2024-02-13,2024,2,13,2,Tuesday,February,1
1139,2024-02-14,2024,2,14,3,Wednesday,February,1
1140,2024-02-15,2024,2,15,4,Thursday,February,1
1141,2024-02-16,2024,2,16,5,Friday,February,1
1142,2024-02-17,2024,2,17,6,Saturday,February,1
1143,2024-02-18,2024,2,18,7,Sunday,February,1
1144,2024-02-19,2024,2,19,1,Monday,February,1
1145,2024-02-20,2024,2,20,2,Tuesday,February,1
1146,2024-02-21,2024,2,21,3,Wednesday,February,1
1147,2024-02-22,2024,2,22,4,Thursday,February,1
1148,2024-02-23,2024,2,23,5,Friday,February,1
1149,2024-02-24,2024,2,24,6,Saturday,February,1
1150,2024-02-25,2024,2,25,7,Sunday,February,1
1151,2024-02-26,2024,2,26,1,Monday,February,1
1152,2024-02-27,2024,2,27,2,Tuesday,February,1
1153,2024-02-28,2024,2,28,3,Wednesday,February,1
1154,2024-02-29,2024,2,29,4,Thursday,February,1
1155,2024-03-01,2024,3,1,5,Friday,March,1
1156,2024-03-02,2024,3,2,6,Saturday,March,1
1157,2024-03-03,2024,3,3,7,Sunday,March,1
1158,2024-03-04,2024,3,4,1,Monday,March,1
1159,2024-03-05,2024,3,5,2,Tuesday,March,1
1160,2024-03-06,2024,3,6,3,Wednesday,March,1
1161,2024-03-07,2024,3,7,4,Thursday,March,1
1162,2024-03-08,2024,3,8,5,Friday,March,1
1163,2024-03-09,2024,3,9,6,Saturday,March,1
1164,2024-03-10,2024,3,10,7,Sunday,March,1
1165,2024-03-11,2024,3,11,1,Monday,March,1
1166,2024-03-12,2024,3,12,2,Tuesday,March,1
1167,2024-03-13,2024,3,13,3,Wednesday,March,1
1168,2024-03-14,2024,3,14,4,Thursday,March,1
1169,2024-03-15,2024,3,15,5,Friday,March,1
1170,2024-03-16,2024,3,16,6,Saturday,March,1
1171,2024-03-17,2024,3,17,7,Sunday,March,1
1172,2024-03-18,2024,3,18,1,Monday,March,1
1173,2024-03-19,2024,3,19,2,Tuesday,March,1
1174,2024-03-20,2024,3,20,3,Wednesday,March,1
1175,2024-03-21,2024,3,21,4,Thursday,March,1
1176,2024-03-22,2024,3,22,5,Friday,March,1
1177,2024-03-23,2024,3,23,6,Saturday,March,1
1178,2024-03-24,2024,3,24,7,Sunday,March,1
1179,2024-03-25,2024,3,25,1,Monday,March,1
1180,2024-03-26,2024,3,26,2,Tuesday,March,1
1181,2024-03-27,2024,3,27,3,Wednesday,March,1
1182,2024-03-28,2024,3,28,4,Thursday,March,1
1183,2024-03-29,2024,3,29,5,Friday,March,1
1184,2024-03-30,2024,3,30,6,Saturday,March,1
1185,2024-03-31,2024,3,31,7,Sunday,March,1
1186,2024-04-01,2024,4,1,1,Monday,April,2
1187,2024-04-02,2024,4,2,2,Tuesday,April,2
1188,2024-04-03,2024,4,3,3,Wednesday,April,2
1189,2024-04-04,2024,4,4,4,Thursday,April,2
1190,2024-04-05,2024,4,5,5,Friday,April,2
1191,2024-04-06,2024,4,6,6,Saturday,April,2
1192,2024-04-07,2024,4,7,7,Sunday,April,2
1193,2024-04-08,2024,4,8,1,Monday,April,2
1194,2024-04-09,2024,4,9,2,Tuesday,April,2
1195,2024-04-10,2024,4,10,3,Wednesday,April,2
1196,2024-04-11,2024,4,11,4,Thursday,April,2
1197,2024-04-12,2024,4,12,5,Friday,April,2
1198,2024-04-13,2024,4,13,6,Saturday,April,2
1199,2024-04-14,2024,4,14,7,Sunday,April,2
1200,2024-04-15,2024,4,15,1,Monday,April,2
1201,2024-04-16,2024,4,16,2,Tuesday,April,2
1202,2024-04-17,2024,4,17,3,Wednesday,April,2
1203,2024-04-18,2024,4,18,4,Thursday,April,2
1204,2024-04-19,2024,4,19,5,Friday,April,2
1205,2024-04-20,2024,4,20,6,Saturday,April,2
1206,2024-04-21,2024,4,21,7,Sunday,April,2
1207,2024-04-22,2024,4,22,1,Monday,April,2
1208,2024-04-23,2024,4,23,2,Tuesday,April,2
1209,2024-04-24,2024,4,24,3,Wednesday,April,2
1210,2024-04-25,2024,4,25,4,Thursday,April,2
1211,2024-04-26,2024,4,26,5,Friday,April,2
1212,2024-04-27,2024,4,27,6,Saturday,April,2
1213,2024-04-28,2024,4,28,7,Sunday,April,2
1214,2024-04-29,2024,4,29,1,Monday,April,2
1215,2024-04-30,2024,4,30,2,Tuesday,April,2
1216,2024-05-01,2024,5,1,3,Wednesday,May,2
1217,2024-05-02,2024,5,2,4,Thursday,May,2
1218,2024-05-03,2024,5,3,5,Friday,May,2
1219,2024-05-04,2024,5,4,6,Saturday,May,2
1220,2024-05-05,2024,5,5,7,Sunday,May,2
1221,2024-05-06,2024,5,6,1,Monday,May,2
1222,2024-05-07,2024,5,7,2,Tuesday,May,2
1223,2024-05-08,2024,5,8,3,Wednesday,May,2
1224,2024-05-09,2024,5,9,4,Thursday,May,2
1225,2024-05-10,2024,5,10,5,Friday,May,2
1226,2024-05-11,2024,5,11,6,Saturday,May,2
1227,2024-05-12,2024,5,12,7,Sunday,May,2
1228,2024-05-13,2024,5,13,1,Monday,May,2
1229,2024-05-14,2024,5,14,2,Tuesday,May,2
1230,2024-05-15,2024,5,15,3,Wednesday,May,2
1231,2024-05-16,2024,5,16,4,Thursday,May,2
1232,2024-05-17,2024,5,17,5,Friday,May,2
1233,2024-05-18,2024,5,18,6,Saturday,May,2
1234,2024-05-19,2024,5,19,7,Sunday,May,2
1235,2024-05-20,2024,5,20,1,Monday,May,2
1236,2024-05-21,2024,5,21,2,Tuesday,May,2
1237,2024-05-22,2024,5,22,3,Wednesday,May,2
1238,2024-05-23,2024,5,23,4,Thursday,May,2
1239,2024-05-24,2024,5,24,5,Friday,May,2
1240,2024-05-25,2024,5,25,6,Saturday,May,2
1241,2024-05-26,2024,5,26,7,Sunday,May,2
1242,2024-05-27,2024,5,27,1,Monday,May,2
1243,2024-05-28,2024,5,28,2,Tuesday,May,2
1244,2024-05-29,2024,5,29,3,Wednesday,May,2
1245,2024-05-30,2024,5,30,4,Thursday,May,2
1246,2024-05-31,2024,5,31,5,Friday,May,2
1247,2024-06-01,2024,6,1,6,Saturday,June,2
1248,2024-06-02,2024,6,2,7,Sunday,June,2
1249,2024-06-03,2024,6,3,1,Monday,June,2
1250,2024-06-04,2024,6,4,2,Tuesday,June,2
1251,2024-06-05,2024,6,5,3,Wednesday,June,2
1252,2024-06-06,2024,6,6,4,Thursday,June,2
1253,2024-06-07,2024,6,7,5,Friday,June,2
1254,2024-06-08,2024,6,8,6,Saturday,June,2
1255,2024-06-09,2024,6,9,7,Sunday,June,2
1256,2024-06-10,2024,6,10,1,Monday,June,2
1257,2024-06-11,2024,6,11,2,Tuesday,June,2
1258,2024-06-12,2024,6,12,3,Wednesday,June,2
1259,2024-06-13,2024,6,13,4,Thursday,June,2
1260,2024-06-14,2024,6,14,5,Friday,June,2
1261,2024-06-15,2024,6,15,6,Saturday,June,2
1262,2024-06-16,2024,6,16,7,Sunday,June,2
1263,2024-06-17,2024,6,17,1,Monday,June,2
1264,2024-06-18,2024,6,18,2,Tuesday,June,2
1265,2024-06-19,2024,6,19,3,Wednesday,June,2
1266,2024-06-20,2024,6,20,4,Thursday,June,2
1267,2024-06-21,2024,6,21,5,Friday,June,2
1268,2024-06-22,2024,6,22,6,Saturday,June,2
1269,2024-06-23,2024,6,23,7,Sunday,June,2
1270,2024-06-24,2024,6,24,1,Monday,June,2
1271,2024-06-25,2024,6,25,2,Tuesday,June,2
1272,2024-06-26,2024,6,26,3,Wednesday,June,2
1273,2024-06-27,2024,6,27,4,Thursday,June,2
1274,2024-06-28,2024,6,28,5,Friday,June,2
1275,2024-06-29,2024,6,29,6,Saturday,June,2
1276,2024-06-30,2024,6,30,7,Sunday,June,2
1277,2024-07-01,2024,7,1,1,Monday,July,3
1278,2024-07-02,2024,7,2,2,Tuesday,July,3
1279,2024-07-03,2024,7,3,3,Wednesday,July,3
1280,2024-07-04,2024,7,4,4,Thursday,July,3
1281,2024-07-05,2024,7,5,5,Friday,July,3
1282,2024-07-06,2024,7,6,6,Saturday,July,3
1283,2024-07-07,2024,7,7,7,Sunday,July,3
1284,2024-07-08,2024,7,8,1,Monday,July,3
1285,2024-07-09,2024,7,9,2,Tuesday,July,3
1286,2024-07-10,2024,7,10,3,Wednesday,July,3
1287,2024-07-11,2024,7,11,4,Thursday,July,3
1288,2024-07-12,2024,7,12,5,Friday,July,3
1289,2024-07-13,2024,7,13,6,Saturday,July,3
1290,2024-07-14,2024,7,14,7,Sunday,July,3
1291,2024-07-15,2024,7,15,1,Monday,July,3
1292,2024-07-16,2024,7,16,2,Tuesday,July,3
1293,2024-07-17,2024,7,17,3,Wednesday,July,3
1294,2024-07-18,2024,7,18,4,Thursday,July,3
1295,2024-07-19,2024,7,19,5,Friday,July,3
1296,2024-07-20,2024,7,20,6,Saturday,July,3
1297,2024-07-21,2024,7,21,7,Sunday,July,3
1298,2024-07-22,2024,7,22,1,Monday,July,3
1299,2024-07-23,2024,7,23,2,Tuesday,July,3
1300,2024-07-24,2024,7,24,3,Wednesday,July,3
1301,2024-07-25,2024,7,25,4,Thursday,July,3
1302,2024-07-26,2024,7,26,5,Friday,July,3
1303,2024-07-27,2024,7,27,6,Saturday,July,3
1304,2024-07-28,2024,7,28,7,Sunday,July,3
1305,2024-07-29,2024,7,29,1,Monday,July,3
1306,2024-07-30,2024,7,30,2,Tuesday,July,3
1307,2024-07-31,2024,7,31,3,Wednesday,July,3
1308,2024-08-01,2024,8,1,4,Thursday,August,3
1309,2024-08-02,2024,8,2,5,Friday,August,3
1310,2024-08-03,2024,8,3,6,Saturday,August,3
1311,2024-08-04,2024,8,4,7,Sunday,August,3
1312,2024-08-05,2024,8,5,1,Monday,August,3
1313,2024-08-06,2024,8,6,2,Tuesday,August,3
1314,2024-08-07,2024,8,7,3,Wednesday,August,3
1315,2024-08-08,2024,8,8,4,Thursday,August,3
1316,2024-08-09,2024,8,9,5,Friday,August,3
1317,2024-08-10,2024,8,10,6,Saturday,August,3
1318,2024-08-11,2024,8,11,7,Sunday,August,3
1319,2024-08-12,2024,8,12,1,Monday,August,3
1320,2024-08-13,2024,8,13,2,Tuesday,August,3
1321,2024-08-14,2024,8,14,3,Wednesday,August,3
1322,2024-08-15,2024,8,15,4,Thursday,August,3
1323,2024-08-16,2024,8,16,5,Friday,August,3
1324,2024-08-17,2024,8,17,6,Saturday,August,3
1325,2024-08-18,2024,8,18,7,Sunday,August,3
1326,2024-08-19,2024,8,19,1,Monday,August,3
1327,2024-08-20,2024,8,20,2,Tuesday,August,3
1328,2024-08-21,2024,8,21,3,Wednesday,August,3
1329,2024-08-22,2024,8,22,4,Thursday,August,3
1330,2024-08-23,2024,8,23,5,Friday,August,3
1331,2024-08-24,2024,8,24,6,Saturday,August,3
1332,2024-08-25,2024,8,25,7,Sunday,August,3
1333,2024-08-26,2024,8,26,1,Monday,August,3
1334,2024-08-27,2024,8,27,2,Tuesday,August,3
1335,2024-08-28,2024,8,28,3,Wednesday,August,3
1336,2024-08-29,2024,8,29,4,Thursday,August,3
1337,2024-08-30,2024,8,30,5,Friday,August,3
1338,2024-08-31,2024,8,31,6,Saturday,August,3
1339,2024-09-01,2024,9,1,7,Sunday,September,3
1340,2024-09-02,2024,9,2,1,Monday,September,3
1341,2024-09-03,2024,9,3,2,Tuesday,September,3
1342,2024-09-04,2024,9,4,3,Wednesday,September,3
1343,2024-09-05,2024,9,5,4,Thursday,September,3
1344,2024-09-06,2024,9,6,5,Friday,September,3
1345,2024-09-07,2024,9,7,6,Saturday,September,3
1346,2024-09-08,2024,9,8,7,Sunday,September,3
1347,2024-09-09,2024,9,9,1,Monday,September,3
1348,2024-09-10,2024,9,10,2,Tuesday,September,3
1349,2024-09-11,2024,9,11,3,Wednesday,September,3
1350,2024-09-12,2024,9,12,4,Thursday,September,3
1351,2024-09-13,2024,9,13,5,Friday,September,3
1352,2024-09-14,2024,9,14,6,Saturday,September,3
1353,2024-09-15,2024,9,15,7,Sunday,September,3
1354,2024-09-16,2024,9,16,1,Monday,September,3
1355,2024-09-17,2024,9,17,2,Tuesday,September,3
1356,2024-09-18,2024,9,18,3,Wednesday,September,3
1357,2024-09-19,2024,9,19,4,Thursday,September,3
1358,2024-09-20,2024,9,20,5,Friday,September,3
1359,2024-09-21,2024,9,21,6,Saturday,September,3
1360,2024-09-22,2024,9,22,7,Sunday,September,3
1361,2024-09-23,2024,9,23,1,Monday,September,3
1362,2024-09-24,2024,9,24,2,Tuesday,September,3
1363,2024-09-25,2024,9,25,3,Wednesday,September,3
1364,2024-09-26,2024,9,26,4,Thursday,September,3
1365,2024-09-27,2024,9,27,5,Friday,September,3
1366,2024-09-28,2024,9,28,6,Saturday,September,3
1367,2024-09-29,2024,9,29,7,Sunday,September,3
1368,2024-09-30,2024,9,30,1,Monday,September,3
1369,2024-10-01,2024,10,1,2,Tuesday,October,4
1370,2024-10-02,2024,10,2,3,Wednesday,October,4
1371,2024-10-03,2024,10,3,4,Thursday,October,4
1372,2024-10-04,2024,10,4,5,Friday,October,4
1373,2024-10-05,2024,10,5,6,Saturday,October,4
1374,2024-10-06,2024,10,6,7,Sunday,October,4
1375,2024-10-07,2024,10,7,1,Monday,October,4
1376,2024-10-08,2024,10,8,2,Tuesday,October,4
1377,2024-10-09,2024,10,9,3,Wednesday,October,4
1378,2024-10-10,2024,10,10,4,Thursday,October,4
1379,2024-10-11,2024,10,11,5,Friday,October,4
1380,2024-10-12,2024,10,12,6,Saturday,October,4
1381,2024-10-13,2024,10,13,7,Sunday,October,4
1382,2024-10-14,2024,10,14,1,Monday,October,4
1383,2024-10-15,2024,10,15,2,Tuesday,October,4
1384,2024-10-16,2024,10,16,3,Wednesday,October,4
1385,2024-10-17,2024,10,17,4,Thursday,October,4
1386,2024-10-18,2024,10,18,5,Friday,October,4
1387,2024-10-19,2024,10,19,6,Saturday,October,4
1388,2024-10-20,2024,10,20,7,Sunday,October,4
1389,2024-10-21,2024,10,21,1,Monday,October,4
1390,2024-10-22,2024,10,22,2,Tuesday,October,4
1391,2024-10-23,2024,10,23,3,Wednesday,October,4
1392,2024-10-24,2024,10,24,4,Thursday,October,4
1393,2024-10-25,2024,10,25,5,Friday,October,4
1394,2024-10-26,2024,10,26,6,Saturday,October,4
1395,2024-10-27,2024,10,27,7,Sunday,October,4
1396,2024-10-28,2024,10,28,1,Monday,October,4
1397,2024-10-29,2024,10,29,2,Tuesday,October,4
1398,2024-10-30,2024,10,30,3,Wednesday,October,4
1399,2024-10-31,2024,10,31,4,Thursday,October,4
1400,2024-11-01,2024,11,1,5,Friday,November,4
1401,2024-11-02,2024,11,2,6,Saturday,November,4
1402,2024-11-03,2024,11,3,7,Sunday,November,4
1403,2024-11-04,2024,11,4,1,Monday,November,4
1404,2024-11-05,2024,11,5,2,Tuesday,November,4
1405,2024-11-06,2024,11,6,3,Wednesday,November,4
1406,2024-11-07,2024,11,7,4,Thursday,November,4
1407,2024-11-08,2024,11,8,5,Friday,November,4
1408,2024-11-09,2024,11,9,6,Saturday,November,4
1409,2024-11-10,2024,11,10,7,Sunday,November,4
1410,2024-11-11,2024,11,11,1,Monday,November,4
1411,2024-11-12,2024,11,12,2,Tuesday,November,4
1412,2024-11-13,2024,11,13,3,Wednesday,November,4
1413,2024-11-14,2024,11,14,4,Thursday,November,4
1414,2024-11-15,2024,11,15,5,Friday,November,4
1415,2024-11-16,2024,11,16,6,Saturday,November,4
1416,2024-11-17,2024,11,17,7,Sunday,November,4
1417,2024-11-18,2024,11,18,1,Monday,November,4
1418,2024-11-19,2024,11,19,2,Tuesday,November,4
1419,2024-11-20,2024,11,20,3,Wednesday,November,4
1420,2024-11-21,2024,11,21,4,Thursday,November,4
1421,2024-11-22,2024,11,22,5,Friday,November,4
1422,2024-11-23,2024,11,23,6,Saturday,November,4
1423,2024-11-24,2024,11,24,7,Sunday,November,4
1424,2024-11-25,2024,11,25,1,Monday,November,4
1425,2024-11-26,2024,11,26,2,Tuesday,November,4
1426,2024-11-27,2024,11,27,3,Wednesday,November,4
1427,2024-11-28,2024,11,28,4,Thursday,November,4
1428,2024-11-29,2024,11,29,5,Friday,November,4
1429,2024-11-30,2024,11,30,6,Saturday,November,4
1430,2024-12-01,2024,12,1,7,Sunday,December,4
1431,2024-12-02,2024,12,2,1,Monday,December,4
1432,2024-12-03,2024,12,3,2,Tuesday,December,4
1433,2024-12-04,2024,12,4,3,Wednesday,December,4
1434,2024-12-05,2024,12,5,4,Thursday,December,4
1435,2024-12-06,2024,12,6,5,Friday,December,4
1436,2024-12-07,2024,12,7,6,Saturday,December,4
1437,2024-12-08,2024,12,8,7,Sunday,December,4
1438,2024-12-09,2024,12,9,1,Monday,December,4
1439,2024-12-10,2024,12,10,2,Tuesday,December,4
1440,2024-12-11,2024,12,11,3,Wednesday,December,4
1441,2024-12-12,2024,12,12,4,Thursday,December,4
1442,2024-12-13,2024,12,13,5,Friday,December,4
1443,2024-12-14,2024,12,14,6,Saturday,December,4
1444,2024-12-15,2024,12,15,7,Sunday,December,4
1445,2024-12-16,2024,12,16,1,Monday,December,4
1446,2024-12-17,2024,12,17,2,Tuesday,December,4
1447,2024-12-18,2024,12,18,3,Wednesday,December,4
1448,2024-12-19,2024,12,19,4,Thursday,December,4
1449,2024-12-20,2024,12,20,5,Friday,December,4
1450,2024-12-21,2024,12,21,6,Saturday,December,4
1451,2024-12-22,2024,12,22,7,Sunday,December,4
1452,2024-12-23,2024,12,23,1,Monday,December,4
1453,2024-12-24,2024,12,24,2,Tuesday,December,4
1454,2024-12-25,2024,12,25,3,Wednesday,December,4
1455,2024-12-26,2024,12,26,4,Thursday,December,4
1456,2024-12-27,2024,12,27,5,Friday,December,4
1457,2024-12-28,2024,12,28,6,Saturday,December,4
1458,2024-12-29,2024,12,29,7,Sunday,December,4
1459,2024-12-30,2024,12,30,1,Monday,December,4
1460,2024-12-31,2024,12,31,2,Tuesday,December,4
1461,2025-01-01,2025,1,1,3,Wednesday,January,1
1462,2025-01-02,2025,1,2,4,Thursday,January,1
1463,2025-01-03,2025,1,3,5,Friday,January,1
1464,2025-01-04,2025,1,4,6,Saturday,January,1
1465,2025-01-05,2025,1,5,7,Sunday,January,1
1466,2025-01-06,2025,1,6,1,Monday,January,1
1467,2025-01-07,2025,1,7,2,Tuesday,January,1
1468,2025-01-08,2025,1,8,3,Wednesday,January,1
1469,2025-01-09,2025,1,9,4,Thursday,January,1
1470,2025-01-10,2025,1,10,5,Friday,January,1
1471,2025-01-11,2025,1,11,6,Saturday,January,1
1472,2025-01-12,2025,1,12,7,Sunday,January,1
1473,2025-01-13,2025,1,13,1,Monday,January,1
1474,2025-01-14,2025,1,14,2,Tuesday,January,1
1475,2025-01-15,2025,1,15,3,Wednesday,January,1
1476,2025-01-16,2025,1,16,4,Thursday,January,1
1477,2025-01-17,2025,1,17,5,Friday,January,1
1478,2025-01-18,2025,1,18,6,Saturday,January,1
1479,2025-01-19,2025,1,19,7,Sunday,January,1
1480,2025-01-20,2025,1,20,1,Monday,January,1
1481,2025-01-21,2025,1,21,2,Tuesday,January,1
1482,2025-01-22,2025,1,22,3,Wednesday,January,1
1483,2025-01-23,2025,1,23,4,Thursday,January,1
1484,2025-01-24,2025,1,24,5,Friday,January,1
1485,2025-01-25,2025,1,25,6,Saturday,January,1
1486,2025-01-26,2025,1,26,7,Sunday,January,1
1487,2025-01-27,2025,1,27,1,Monday,January,1
1488,2025-01-28,2025,1,28,2,Tuesday,January,1
1489,2025-01-29,2025,1,29,3,Wednesday,January,1
1490,2025-01-30,2025,1,30,4,Thursday,January,1
1491,2025-01-31,2025,1,31,5,Friday,January,1
1492,2025-02-01,2025,2,1,6,Saturday,February,1
1493,2025-02-02,2025,2,2,7,Sunday,February,1
1494,2025-02-03,2025,2,3,1,Monday,February,1
1495,2025-02-04,2025,2,4,2,Tuesday,February,1
1496,2025-02-05,2025,2,5,3,Wednesday,February,1
1497,2025-02-06,2025,2,6,4,Thursday,February,1
1498,2025-02-07,2025,2,7,5,Friday,February,1
1499,2025-02-08,2025,2,8,6,Saturday,February,1
1500,2025-02-09,2025,2,9,7,Sunday,February,1
1501,2025-02-10,2025,2,10,1,Monday,February,1
1502,2025-02-11,2025,2,11,2,Tuesday,February,1
1503,2025-02-12,2025,2,12,3,Wednesday,February,1
1504,2025-02-13,2025,2,13,4,Thursday,February,1
1505,2025-02-14,2025,2,14,5,Friday,February,1
1506,2025-02-15,2025,2,15,6,Saturday,February,1
1507,2025-02-16,2025,2,16,7,Sunday,February,1
1508,2025-02-17,2025,2,17,1,Monday,February,1
1509,2025-02-18,2025,2,18,2,Tuesday,February,1
1510,2025-02-19,2025,2,19,3,Wednesday,February,1
1511,2025-02-20,2025,2,20,4,Thursday,February,1
1512,2025-02-21,2025,2,21,5,Friday,February,1
1513,2025-02-22,2025,2,22,6,Saturday,February,1
1514,2025-02-23,2025,2,23,7,Sunday,February,1
1515,2025-02-24,2025,2,24,1,Monday,February,1
1516,2025-02-25,2025,2,25,2,Tuesday,February,1
1517,2025-02-26,2025,2,26,3,Wednesday,February,1
1518,2025-02-27,2025,2,27,4,Thursday,February,1
1519,2025-02-28,2025,2,28,5,Friday,February,1
1520,2025-03-01,2025,3,1,6,Saturday,March,1
1521,2025-03-02,2025,3,2,7,Sunday,March,1
1522,2025-03-03,2025,3,3,1,Monday,March,1
1523,2025-03-04,2025,3,4,2,Tuesday,March,1
1524,2025-03-05,2025,3,5,3,Wednesday,March,1
1525,2025-03-06,2025,3,6,4,Thursday,March,1
1526,2025-03-07,2025,3,7,5,Friday,March,1
1527,2025-03-08,2025,3,8,6,Saturday,March,1
1528,2025-03-09,2025,3,9,7,Sunday,March,1
1529,2025-03-10,2025,3,10,1,Monday,March,1
1530,2025-03-11,2025,3,11,2,Tuesday,March,1
1531,2025-03-12,2025,3,12,3,Wednesday,March,1
1532,2025-03-13,2025,3,13,4,Thursday,March,1
1533,2025-03-14,2025,3,14,5,Friday,March,1
1534,2025-03-15,2025,3,15,6,Saturday,March,1
1535,2025-03-16,2025,3,16,7,Sunday,March,1
1536,2025-03-17,2025,3,17,1,Monday,March,1
1537,2025-03-18,2025,3,18,2,Tuesday,March,1
1538,2025-03-19,2025,3,19,3,Wednesday,March,1
1539,2025-03-20,2025,3,20,4,Thursday,March,1
1540,2025-03-21,2025,3,21,5,Friday,March,1
1541,2025-03-22,2025,3,22,6,Saturday,March,1
1542,2025-03-23,2025,3,23,7,Sunday,March,1
1543,2025-03-24,2025,3,24,1,Monday,March,1
1544,2025-03-25,2025,3,25,2,Tuesday,March,1
1545,2025-03-26,2025,3,26,3,Wednesday,March,1
1546,2025-03-27,2025,3,27,4,Thursday,March,1
1547,2025-03-28,2025,3,28,5,Friday,March,1
1548,2025-03-29,2025,3,29,6,Saturday,March,1
1549,2025-03-30,2025,3,30,7,Sunday,March,1
1550,2025-03-31,2025,3,31,1,Monday,March,1
1551,2025-04-01,2025,4,1,2,Tuesday,April,2
1552,2025-04-02,2025,4,2,3,Wednesday,April,2
1553,2025-04-03,2025,4,3,4,Thursday,April,2
1554,2025-04-04,2025,4,4,5,Friday,April,2
1555,2025-04-05,2025,4,5,6,Saturday,April,2
1556,2025-04-06,2025,4,6,7,Sunday,April,2
1557,2025-04-07,2025,4,7,1,Monday,April,2
1558,2025-04-08,2025,4,8,2,Tuesday,April,2
1559,2025-04-09,2025,4,9,3,Wednesday,April,2
1560,2025-04-10,2025,4,10,4,Thursday,April,2
1561,2025-04-11,2025,4,11,5,Friday,April,2
1562,2025-04-12,2025,4,12,6,Saturday,April,2
1563,2025-04-13,2025,4,13,7,Sunday,April,2
1564,2025-04-14,2025,4,14,1,Monday,April,2
1565,2025-04-15,2025,4,15,2,Tuesday,April,2
1566,2025-04-16,2025,4,16,3,Wednesday,April,2
1567,2025-04-17,2025,4,17,4,Thursday,April,2
1568,2025-04-18,2025,4,18,5,Friday,April,2
1569,2025-04-19,2025,4,19,6,Saturday,April,2
1570,2025-04-20,2025,4,20,7,Sunday,April,2
1571,2025-04-21,2025,4,21,1,Monday,April,2
1572,2025-04-22,2025,4,22,2,Tuesday,April,2
1573,2025-04-23,2025,4,23,3,Wednesday,April,2
1574,2025-04-24,2025,4,24,4,Thursday,April,2
1575,2025-04-25,2025,4,25,5,Friday,April,2
1576,2025-04-26,2025,4,26,6,Saturday,April,2
1577,2025-04-27,2025,4,27,7,Sunday,April,2
1578,2025-04-28,2025,4,28,1,Monday,April,2
1579,2025-04-29,2025,4,29,2,Tuesday,April,2
1580,2025-04-30,2025,4,30,3,Wednesday,April,2
1581,2025-05-01,2025,5,1,4,Thursday,May,2
1582,2025-05-02,2025,5,2,5,Friday,May,2
1583,2025-05-03,2025,5,3,6,Saturday,May,2
1584,2025-05-04,2025,5,4,7,Sunday,May,2
1585,2025-05-05,2025,5,5,1,Monday,May,2
1586,2025-05-06,2025,5,6,2,Tuesday,May,2
1587,2025-05-07,2025,5,7,3,Wednesday,May,2
1588,2025-05-08,2025,5,8,4,Thursday,May,2
1589,2025-05-09,2025,5,9,5,Friday,May,2
1590,2025-05-10,2025,5,10,6,Saturday,May,2
1591,2025-05-11,2025,5,11,7,Sunday,May,2
1592,2025-05-12,2025,5,12,1,Monday,May,2
1593,2025-05-13,2025,5,13,2,Tuesday,May,2
1594,2025-05-14,2025,5,14,3,Wednesday,May,2
1595,2025-05-15,2025,5,15,4,Thursday,May,2
1596,2025-05-16,2025,5,16,5,Friday,May,2
1597,2025-05-17,2025,5,17,6,Saturday,May,2
1598,2025-05-18,2025,5,18,7,Sunday,May,2
1599,2025-05-19,2025,5,19,1,Monday,May,2
1600,2025-05-20,2025,5,20,2,Tuesday,May,2
1601,2025-05-21,2025,5,21,3,Wednesday,May,2
1602,2025-05-22,2025,5,22,4,Thursday,May,2
1603,2025-05-23,2025,5,23,5,Friday,May,2
1604,2025-05-24,2025,5,24,6,Saturday,May,2
1605,2025-05-25,2025,5,25,7,Sunday,May,2
1606,2025-05-26,2025,5,26,1,Monday,May,2
1607,2025-05-27,2025,5,27,2,Tuesday,May,2
1608,2025-05-28,2025,5,28,3,Wednesday,May,2
1609,2025-05-29,2025,5,29,4,Thursday,May,2
1610,2025-05-30,2025,5,30,5,Friday,May,2
1611,2025-05-31,2025,5,31,6,Saturday,May,2
1612,2025-06-01,2025,6,1,7,Sunday,June,2
1613,2025-06-02,2025,6,2,1,Monday,June,2
1614,2025-06-03,2025,6,3,2,Tuesday,June,2
1615,2025-06-04,2025,6,4,3,Wednesday,June,2
1616,2025-06-05,2025,6,5,4,Thursday,June,2
1617,2025-06-06,2025,6,6,5,Friday,June,2
1618,2025-06-07,2025,6,7,6,Saturday,June,2
1619,2025-06-08,2025,6,8,7,Sunday,June,2
1620,2025-06-09,2025,6,9,1,Monday,June,2
1621,2025-06-10,2025,6,10,2,Tuesday,June,2
1622,2025-06-11,2025,6,11,3,Wednesday,June,2
1623,2025-06-12,2025,6,12,4,Thursday,June,2
1624,2025-06-13,2025,6,13,5,Friday,June,2
1625,2025-06-14,2025,6,14,6,Saturday,June,2
1626,2025-06-15,2025,6,15,7,Sunday,June,2
1627,2025-06-16,2025,6,16,1,Monday,June,2
1628,2025-06-17,2025,6,17,2,Tuesday,June,2
1629,2025-06-18,2025,6,18,3,Wednesday,June,2
1630,2025-06-19,2025,6,19,4,Thursday,June,2
1631,2025-06-20,2025,6,20,5,Friday,June,2
1632,2025-06-21,2025,6,21,6,Saturday,June,2
1633,2025-06-22,2025,6,22,7,Sunday,June,2
1634,2025-06-23,2025,6,23,1,Monday,June,2
1635,2025-06-24,2025,6,24,2,Tuesday,June,2
1636,2025-06-25,2025,6,25,3,Wednesday,June,2
1637,2025-06-26,2025,6,26,4,Thursday,June,2
1638,2025-06-27,2025,6,27,5,Friday,June,2
1639,2025-06-28,2025,6,28,6,Saturday,June,2
1640,2025-06-29,2025,6,29,7,Sunday,June,2
1641,2025-06-30,2025,6,30,1,Monday,June,2
1642,2025-07-01,2025,7,1,2,Tuesday,July,3
1643,2025-07-02,2025,7,2,3,Wednesday,July,3
1644,2025-07-03,2025,7,3,4,Thursday,July,3
1645,2025-07-04,2025,7,4,5,Friday,July,3
1646,2025-07-05,2025,7,5,6,Saturday,July,3
1647,2025-07-06,2025,7,6,7,Sunday,July,3
1648,2025-07-07,2025,7,7,1,Monday,July,3
1649,2025-07-08,2025,7,8,2,Tuesday,July,3
1650,2025-07-09,2025,7,9,3,Wednesday,July,3
1651,2025-07-10,2025,7,10,4,Thursday,July,3
1652,2025-07-11,2025,7,11,5,Friday,July,3
1653,2025-07-12,2025,7,12,6,Saturday,July,3
1654,2025-07-13,2025,7,13,7,Sunday,July,3
1655,2025-07-14,2025,7,14,1,Monday,July,3
1656,2025-07-15,2025,7,15,2,Tuesday,July,3
1657,2025-07-16,2025,7,16,3,Wednesday,July,3
1658,2025-07-17,2025,7,17,4,Thursday,July,3
1659,2025-07-18,2025,7,18,5,Friday,July,3
1660,2025-07-19,2025,7,19,6,Saturday,July,3
1661,2025-07-20,2025,7,20,7,Sunday,July,3
1662,2025-07-21,2025,7,21,1,Monday,July,3
1663,2025-07-22,2025,7,22,2,Tuesday,July,3
1664,2025-07-23,2025,7,23,3,Wednesday,July,3
1665,2025-07-24,2025,7,24,4,Thursday,July,3
1666,2025-07-25,2025,7,25,5,Friday,July,3
1667,2025-07-26,2025,7,26,6,Saturday,July,3
1668,2025-07-27,2025,7,27,7,Sunday,July,3
1669,2025-07-28,2025,7,28,1,Monday,July,3
1670,2025-07-29,2025,7,29,2,Tuesday,July,3
1671,2025-07-30,2025,7,30,3,Wednesday,July,3
1672,2025-07-31,2025,7,31,4,Thursday,July,3
1673,2025-08-01,2025,8,1,5,Friday,August,3
1674,2025-08-02,2025,8,2,6,Saturday,August,3
1675,2025-08-03,2025,8,3,7,Sunday,August,3
1676,2025-08-04,2025,8,4,1,Monday,August,3
1677,2025-08-05,2025,8,5,2,Tuesday,August,3
1678,2025-08-06,2025,8,6,3,Wednesday,August,3
1679,2025-08-07,2025,8,7,4,Thursday,August,3
1680,2025-08-08,2025,8,8,5,Friday,August,3
1681,2025-08-09,2025,8,9,6,Saturday,August,3
1682,2025-08-10,2025,8,10,7,Sunday,August,3
1683,2025-08-11,2025,8,11,1,Monday,August,3
1684,2025-08-12,2025,8,12,2,Tuesday,August,3
1685,2025-08-13,2025,8,13,3,Wednesday,August,3
1686,2025-08-14,2025,8,14,4,Thursday,August,3
1687,2025-08-15,2025,8,15,5,Friday,August,3
1688,2025-08-16,2025,8,16,6,Saturday,August,3
1689,2025-08-17,2025,8,17,7,Sunday,August,3
1690,2025-08-18,2025,8,18,1,Monday,August,3
1691,2025-08-19,2025,8,19,2,Tuesday,August,3
1692,2025-08-20,2025,8,20,3,Wednesday,August,3
1693,2025-08-21,2025,8,21,4,Thursday,August,3
1694,2025-08-22,2025,8,22,5,Friday,August,3
1695,2025-08-23,2025,8,23,6,Saturday,August,3
1696,2025-08-24,2025,8,24,7,Sunday,August,3
1697,2025-08-25,2025,8,25,1,Monday,August,3
1698,2025-08-26,2025,8,26,2,Tuesday,August,3
1699,2025-08-27,2025,8,27,3,Wednesday,August,3
1700,2025-08-28,2025,8,28,4,Thursday,August,3
1701,2025-08-29,2025,8,29,5,Friday,August,3
1702,2025-08-30,2025,8,30,6,Saturday,August,3
1703,2025-08-31,2025,8,31,7,Sunday,August,3
1704,2025-09-01,2025,9,1,1,Monday,September,3
1705,2025-09-02,2025,9,2,2,Tuesday,September,3
1706,2025-09-03,2025,9,3,3,Wednesday,September,3
1707,2025-09-04,2025,9,4,4,Thursday,September,3
1708,2025-09-05,2025,9,5,5,Friday,September,3
1709,2025-09-06,2025,9,6,6,Saturday,September,3
1710,2025-09-07,2025,9,7,7,Sunday,September,3
1711,2025-09-08,2025,9,8,1,Monday,September,3
1712,2025-09-09,2025,9,9,2,Tuesday,September,3
1713,2025-09-10,2025,9,10,3,Wednesday,September,3
1714,2025-09-11,2025,9,11,4,Thursday,September,3
1715,2025-09-12,2025,9,12,5,Friday,September,3
1716,2025-09-13,2025,9,13,6,Saturday,September,3
1717,2025-09-14,2025,9,14,7,Sunday,September,3
1718,2025-09-15,2025,9,15,1,Monday,September,3
1719,2025-09-16,2025,9,16,2,Tuesday,September,3
1720,2025-09-17,2025,9,17,3,Wednesday,September,3
1721,2025-09-18,2025,9,18,4,Thursday,September,3
1722,2025-09-19,2025,9,19,5,Friday,September,3
1723,2025-09-20,2025,9,20,6,Saturday,September,3
1724,2025-09-21,2025,9,21,7,Sunday,September,3
1725,2025-09-22,2025,9,22,1,Monday,September,3
1726,2025-09-23,2025,9,23,2,Tuesday,September,3
1727,2025-09-24,2025,9,24,3,Wednesday,September,3
1728,2025-09-25,2025,9,25,4,Thursday,September,3
1729,2025-09-26,2025,9,26,5,Friday,September,3
1730,2025-09-27,2025,9,27,6,Saturday,September,3
1731,2025-09-28,2025,9,28,7,Sunday,September,3
1732,2025-09-29,2025,9,29,1,Monday,September,3
1733,2025-09-30,2025,9,30,2,Tuesday,September,3
1734,2025-10-01,2025,10,1,3,Wednesday,October,4
1735,2025-10-02,2025,10,2,4,Thursday,October,4
1736,2025-10-03,2025,10,3,5,Friday,October,4
1737,2025-10-04,2025,10,4,6,Saturday,October,4
1738,2025-10-05,2025,10,5,7,Sunday,October,4
1739,2025-10-06,2025,10,6,1,Monday,October,4
1740,2025-10-07,2025,10,7,2,Tuesday,October,4
1741,2025-10-08,2025,10,8,3,Wednesday,October,4
1742,2025-10-09,2025,10,9,4,Thursday,October,4
1743,2025-10-10,2025,10,10,5,Friday,October,4
1744,2025-10-11,2025,10,11,6,Saturday,October,4
1745,2025-10-12,2025,10,12,7,Sunday,October,4
1746,2025-10-13,2025,10,13,1,Monday,October,4
1747,2025-10-14,2025,10,14,2,Tuesday,October,4
1748,2025-10-15,2025,10,15,3,Wednesday,October,4
1749,2025-10-16,2025,10,16,4,Thursday,October,4
1750,2025-10-17,2025,10,17,5,Friday,October,4
1751,2025-10-18,2025,10,18,6,Saturday,October,4
1752,2025-10-19,2025,10,19,7,Sunday,October,4
1753,2025-10-20,2025,10,20,1,Monday,October,4
1754,2025-10-21,2025,10,21,2,Tuesday,October,4
1755,2025-10-22,2025,10,22,3,Wednesday,October,4
1756,2025-10-23,2025,10,23,4,Thursday,October,4
1757,2025-10-24,2025,10,24,5,Friday,October,4
1758,2025-10-25,2025,10,25,6,Saturday,October,4
1759,2025-10-26,2025,10,26,7,Sunday,October,4
1760,2025-10-27,2025,10,27,1,Monday,October,4
1761,2025-10-28,2025,10,28,2,Tuesday,October,4
1762,2025-10-29,2025,10,29,3,Wednesday,October,4
1763,2025-10-30,2025,10,30,4,Thursday,October,4
1764,2025-10-31,2025,10,31,5,Friday,October,4
1765,2025-11-01,2025,11,1,6,Saturday,November,4
1766,2025-11-02,2025,11,2,7,Sunday,November,4
1767,2025-11-03,2025,11,3,1,Monday,November,4
1768,2025-11-04,2025,11,4,2,Tuesday,November,4
1769,2025-11-05,2025,11,5,3,Wednesday,November,4
1770,2025-11-06,2025,11,6,4,Thursday,November,4
1771,2025-11-07,2025,11,7,5,Friday,November,4
1772,2025-11-08,2025,11,8,6,Saturday,November,4
1773,2025-11-09,2025,11,9,7,Sunday,November,4
1774,2025-11-10,2025,11,10,1,Monday,November,4
1775,2025-11-11,2025,11,11,2,Tuesday,November,4
1776,2025-11-12,2025,11,12,3,Wednesday,November,4
1777,2025-11-13,2025,11,13,4,Thursday,November,4
1778,2025-11-14,2025,11,14,5,Friday,November,4
1779,2025-11-15,2025,11,15,6,Saturday,November,4
1780,2025-11-16,2025,11,16,7,Sunday,November,4
1781,2025-11-17,2025,11,17,1,Monday,November,4
1782,2025-11-18,2025,11,18,2,Tuesday,November,4
1783,2025-11-19,2025,11,19,3,Wednesday,November,4
1784,2025-11-20,2025,11,20,4,Thursday,November,4
1785,2025-11-21,2025,11,21,5,Friday,November,4
1786,2025-11-22,2025,11,22,6,Saturday,November,4
1787,2025-11-23,2025,11,23,7,Sunday,November,4
1788,2025-11-24,2025,11,24,1,Monday,November,4
1789,2025-11-25,2025,11,25,2,Tuesday,November,4
1790,2025-11-26,2025,11,26,3,Wednesday,November,4
1791,2025-11-27,2025,11,27,4,Thursday,November,4
1792,2025-11-28,2025,11,28,5,Friday,November,4
1793,2025-11-29,2025,11,29,6,Saturday,November,4
1794,2025-11-30,2025,11,30,7,Sunday,November,4
1795,2025-12-01,2025,12,1,1,Monday,December,4
1796,2025-12-02,2025,12,2,2,Tuesday,December,4
1797,2025-12-03,2025,12,3,3,Wednesday,December,4
1798,2025-12-04,2025,12,4,4,Thursday,December,4
1799,2025-12-05,2025,12,5,5,Friday,December,4
1800,2025-12-06,2025,12,6,6,Saturday,December,4
1801,2025-12-07,2025,12,7,7,Sunday,December,4
1802,2025-12-08,2025,12,8,1,Monday,December,4
1803,2025-12-09,2025,12,9,2,Tuesday,December,4
1804,2025-12-10,2025,12,10,3,Wednesday,December,4
1805,2025-12-11,2025,12,11,4,Thursday,December,4
1806,2025-12-12,2025,12,12,5,Friday,December,4
1807,2025-12-13,2025,12,13,6,Saturday,December,4
1808,2025-12-14,2025,12,14,7,Sunday,December,4
1809,2025-12-15,2025,12,15,1,Monday,December,4
1810,2025-12-16,2025,12,16,2,Tuesday,December,4
1811,2025-12-17,2025,12,17,3,Wednesday,December,4
1812,2025-12-18,2025,12,18,4,Thursday,December,4
1813,2025-12-19,2025,12,19,5,Friday,December,4
1814,2025-12-20,2025,12,20,6,Saturday,December,4
1815,2025-12-21,2025,12,21,7,Sunday,December,4
1816,2025-12-22,2025,12,22,1,Monday,December,4
1817,2025-12-23,2025,12,23,2,Tuesday,December,4
1818,2025-12-24,2025,12,24,3,Wednesday,December,4
1819,2025-12-25,2025,12,25,4,Thursday,December,4
1820,2025-12-26,2025,12,26,5,Friday,December,4
1821,2025-12-27,2025,12,27,6,Saturday,December,4
1822,2025-12-28,2025,12,28,7,Sunday,December,4
1823,2025-12-29,2025,12,29,1,Monday,December,4
1824,2025-12-30,2025,12,30,2,Tuesday,December,4
1825,2025-12-31,2025,12,31,3,Wednesday,December,4
1826,2026-01-01,2026,1,1,4,Thursday,January,1
1827,2026-01-02,2026,1,2,5,Friday,January,1
1828,2026-01-03,2026,1,3,6,Saturday,January,1
1829,2026-01-04,2026,1,4,7,Sunday,January,1
1830,2026-01-05,2026,1,5,1,Monday,January,1
1831,2026-01-06,2026,1,6,2,Tuesday,January,1
1832,2026-01-07,2026,1,7,3,Wednesday,January,1
1833,2026-01-08,2026,1,8,4,Thursday,January,1
1834,2026-01-09,2026,1,9,5,Friday,January,1
1835,2026-01-10,2026,1,10,6,Saturday,January,1
1836,2026-01-11,2026,1,11,7,Sunday,January,1
1837,2026-01-12,2026,1,12,1,Monday,January,1
1838,2026-01-13,2026,1,13,2,Tuesday,January,1
1839,2026-01-14,2026,1,14,3,Wednesday,January,1
1840,2026-01-15,2026,1,15,4,Thursday,January,1
1841,2026-01-16,2026,1,16,5,Friday,January,1
1842,2026-01-17,2026,1,17,6,Saturday,January,1
1843,2026-01-18,2026,1,18,7,Sunday,January,1
1844,2026-01-19,2026,1,19,1,Monday,January,1
1845,2026-01-20,2026,1,20,2,Tuesday,January,1
1846,2026-01-21,2026,1,21,3,Wednesday,January,1
1847,2026-01-22,2026,1,22,4,Thursday,January,1
1848,2026-01-23,2026,1,23,5,Friday,January,1
1849,2026-01-24,2026,1,24,6,Saturday,January,1
1850,2026-01-25,2026,1,25,7,Sunday,January,1
1851,2026-01-26,2026,1,26,1,Monday,January,1
1852,2026-01-27,2026,1,27,2,Tuesday,January,1
1853,2026-01-28,2026,1,28,3,Wednesday,January,1
1854,2026-01-29,2026,1,29,4,Thursday,January,1
1855,2026-01-30,2026,1,30,5,Friday,January,1
1856,2026-01-31,2026,1,31,6,Saturday,January,1
1857,2026-02-01,2026,2,1,7,Sunday,February,1
1858,2026-02-02,2026,2,2,1,Monday,February,1
1859,2026-02-03,2026,2,3,2,Tuesday,February,1
1860,2026-02-04,2026,2,4,3,Wednesday,February,1
1861,2026-02-05,2026,2,5,4,Thursday,February,1
1862,2026-02-06,2026,2,6,5,Friday,February,1
1863,2026-02-07,2026,2,7,6,Saturday,February,1
1864,2026-02-08,2026,2,8,7,Sunday,February,1
1865,2026-02-09,2026,2,9,1,Monday,February,1
1866,2026-02-10,2026,2,10,2,Tuesday,February,1
1867,2026-02-11,2026,2,11,3,Wednesday,February,1
1868,2026-02-12,2026,2,12,4,Thursday,February,1
1869,2026-02-13,2026,2,13,5,Friday,February,1
1870,2026-02-14,2026,2,14,6,Saturday,February,1
1871,2026-02-15,2026,2,15,7,Sunday,February,1
1872,2026-02-16,2026,2,16,1,Monday,February,1
1873,2026-02-17,2026,2,17,2,Tuesday,February,1
1874,2026-02-18,2026,2,18,3,Wednesday,February,1
1875,2026-02-19,2026,2,19,4,Thursday,February,1
1876,2026-02-20,2026,2,20,5,Friday,February,1
1877,2026-02-21,2026,2,21,6,Saturday,February,1
1878,2026-02-22,2026,2,22,7,Sunday,February,1
1879,2026-02-23,2026,2,23,1,Monday,February,1
1880,2026-02-24,2026,2,24,2,Tuesday,February,1
1881,2026-02-25,2026,2,25,3,Wednesday,February,1
1882,2026-02-26,2026,2,26,4,Thursday,February,1
1883,2026-02-27,2026,2,27,5,Friday,February,1
1884,2026-02-28,2026,2,28,6,Saturday,February,1
1885,2026-03-01,2026,3,1,7,Sunday,March,1
1886,2026-03-02,2026,3,2,1,Monday,March,1
1887,2026-03-03,2026,3,3,2,Tuesday,March,1
1888,2026-03-04,2026,3,4,3,Wednesday,March,1
1889,2026-03-05,2026,3,5,4,Thursday,March,1
1890,2026-03-06,2026,3,6,5,Friday,March,1
1891,2026-03-07,2026,3,7,6,Saturday,March,1
1892,2026-03-08,2026,3,8,7,Sunday,March,1
1893,2026-03-09,2026,3,9,1,Monday,March,1
1894,2026-03-10,2026,3,10,2,Tuesday,March,1
1895,2026-03-11,2026,3,11,3,Wednesday,March,1
1896,2026-03-12,2026,3,12,4,Thursday,March,1
1897,2026-03-13,2026,3,13,5,Friday,March,1
1898,2026-03-14,2026,3,14,6,Saturday,March,1
1899,2026-03-15,2026,3,15,7,Sunday,March,1
1900,2026-03-16,2026,3,16,1,Monday,March,1
1901,2026-03-17,2026,3,17,2,Tuesday,March,1
1902,2026-03-18,2026,3,18,3,Wednesday,March,1
1903,2026-03-19,2026,3,19,4,Thursday,March,1
1904,2026-03-20,2026,3,20,5,Friday,March,1
1905,2026-03-21,2026,3,21,6,Saturday,March,1
1906,2026-03-22,2026,3,22,7,Sunday,March,1
1907,2026-03-23,2026,3,23,1,Monday,March,1
1908,2026-03-24,2026,3,24,2,Tuesday,March,1
1909,2026-03-25,2026,3,25,3,Wednesday,March,1
1910,2026-03-26,2026,3,26,4,Thursday,March,1
1911,2026-03-27,2026,3,27,5,Friday,March,1
1912,2026-03-28,2026,3,28,6,Saturday,March,1
1913,2026-03-29,2026,3,29,7,Sunday,March,1
1914,2026-03-30,2026,3,30,1,Monday,March,1
1915,2026-03-31,2026,3,31,2,Tuesday,March,1
1916,2026-04-01,2026,4,1,3,Wednesday,April,2
1917,2026-04-02,2026,4,2,4,Thursday,April,2
1918,2026-04-03,2026,4,3,5,Friday,April,2
1919,2026-04-04,2026,4,4,6,Saturday,April,2
1920,2026-04-05,2026,4,5,7,Sunday,April,2
1921,2026-04-06,2026,4,6,1,Monday,April,2
1922,2026-04-07,2026,4,7,2,Tuesday,April,2
1923,2026-04-08,2026,4,8,3,Wednesday,April,2
1924,2026-04-09,2026,4,9,4,Thursday,April,2
1925,2026-04-10,2026,4,10,5,Friday,April,2
1926,2026-04-11,2026,4,11,6,Saturday,April,2
1927,2026-04-12,2026,4,12,7,Sunday,April,2
1928,2026-04-13,2026,4,13,1,Monday,April,2
1929,2026-04-14,2026,4,14,2,Tuesday,April,2
1930,2026-04-15,2026,4,15,3,Wednesday,April,2
1931,2026-04-16,2026,4,16,4,Thursday,April,2
1932,2026-04-17,2026,4,17,5,Friday,April,2
1933,2026-04-18,2026,4,18,6,Saturday,April,2
1934,2026-04-19,2026,4,19,7,Sunday,April,2
1935,2026-04-20,2026,4,20,1,Monday,April,2
1936,2026-04-21,2026,4,21,2,Tuesday,April,2
1937,2026-04-22,2026,4,22,3,Wednesday,April,2
1938,2026-04-23,2026,4,23,4,Thursday,April,2
1939,2026-04-24,2026,4,24,5,Friday,April,2
1940,2026-04-25,2026,4,25,6,Saturday,April,2
1941,2026-04-26,2026,4,26,7,Sunday,April,2
1942,2026-04-27,2026,4,27,1,Monday,April,2
1943,2026-04-28,2026,4,28,2,Tuesday,April,2
1944,2026-04-29,2026,4,29,3,Wednesday,April,2
1945,2026-04-30,2026,4,30,4,Thursday,April,2
1946,2026-05-01,2026,5,1,5,Friday,May,2
1947,2026-05-02,2026,5,2,6,Saturday,May,2
1948,2026-05-03,2026,5,3,7,Sunday,May,2
1949,2026-05-04,2026,5,4,1,Monday,May,2
1950,2026-05-05,2026,5,5,2,Tuesday,May,2
1951,2026-05-06,2026,5,6,3,Wednesday,May,2
1952,2026-05-07,2026,5,7,4,Thursday,May,2
1953,2026-05-08,2026,5,8,5,Friday,May,2
1954,2026-05-09,2026,5,9,6,Saturday,May,2
1955,2026-05-10,2026,5,10,7,Sunday,May,2
1956,2026-05-11,2026,5,11,1,Monday,May,2
1957,2026-05-12,2026,5,12,2,Tuesday,May,2
1958,2026-05-13,2026,5,13,3,Wednesday,May,2
1959,2026-05-14,2026,5,14,4,Thursday,May,2
1960,2026-05-15,2026,5,15,5,Friday,May,2
1961,2026-05-16,2026,5,16,6,Saturday,May,2
1962,2026-05-17,2026,5,17,7,Sunday,May,2
1963,2026-05-18,2026,5,18,1,Monday,May,2
1964,2026-05-19,2026,5,19,2,Tuesday,May,2
1965,2026-05-20,2026,5,20,3,Wednesday,May,2
1966,2026-05-21,2026,5,21,4,Thursday,May,2
1967,2026-05-22,2026,5,22,5,Friday,May,2
1968,2026-05-23,2026,5,23,6,Saturday,May,2
1969,2026-05-24,2026,5,24,7,Sunday,May,2
1970,2026-05-25,2026,5,25,1,Monday,May,2
1971,2026-05-26,2026,5,26,2,Tuesday,May,2
1972,2026-05-27,2026,5,27,3,Wednesday,May,2
1973,2026-05-28,2026,5,28,4,Thursday,May,2
1974,2026-05-29,2026,5,29,5,Friday,May,2
1975,2026-05-30,2026,5,30,6,Saturday,May,2
1976,2026-05-31,2026,5,31,7,Sunday,May,2
1977,2026-06-01,2026,6,1,1,Monday,June,2
1978,2026-06-02,2026,6,2,2,Tuesday,June,2
1979,2026-06-03,2026,6,3,3,Wednesday,June,2
1980,2026-06-04,2026,6,4,4,Thursday,June,2
1981,2026-06-05,2026,6,5,5,Friday,June,2
1982,2026-06-06,2026,6,6,6,Saturday,June,2
1983,2026-06-07,2026,6,7,7,Sunday,June,2
1984,2026-06-08,2026,6,8,1,Monday,June,2
1985,2026-06-09,2026,6,9,2,Tuesday,June,2
1986,2026-06-10,2026,6,10,3,Wednesday,June,2
1987,2026-06-11,2026,6,11,4,Thursday,June,2
1988,2026-06-12,2026,6,12,5,Friday,June,2
1989,2026-06-13,2026,6,13,6,Saturday,June,2
1990,2026-06-14,2026,6,14,7,Sunday,June,2
1991,2026-06-15,2026,6,15,1,Monday,June,2
1992,2026-06-16,2026,6,16,2,Tuesday,June,2
1993,2026-06-17,2026,6,17,3,Wednesday,June,2
1994,2026-06-18,2026,6,18,4,Thursday,June,2
1995,2026-06-19,2026,6,19,5,Friday,June,2
1996,2026-06-20,2026,6,20,6,Saturday,June,2
1997,2026-06-21,2026,6,21,7,Sunday,June,2
1998,2026-06-22,2026,6,22,1,Monday,June,2
1999,2026-06-23,2026,6,23,2,Tuesday,June,2
2000,2026-06-24,2026,6,24,3,Wednesday,June,2
